Epoch,Class_0,Class_1,Class_2,Class_3,Class_4,Class_5,Class_6,Class_7,Class_8,Class_9,Class_10,Class_11,Class_12,Class_13,Class_14,Class_15,Class_16,Class_17,Class_18,Class_19,Class_20,Class_21,Class_22,Class_23,Class_24,Class_25,Class_26,Class_27,Class_28,Class_29,Class_30,Class_31,Class_32,Class_33,Class_34,Class_35,Class_36,Class_37,Class_38,Class_39,Class_40,Class_41,Class_42,Class_43,Class_44,Class_45,Class_46,Class_47,Class_48,Class_49,Class_50,Class_51,Class_52,Class_53,Class_54,Class_55,Class_56,Class_57,Class_58,Class_59,Class_60,Class_61,Class_62,Class_63,Class_64,Class_65,Class_66,Class_67,Class_68,Class_69,Class_70,Class_71,Class_72,Class_73,Class_74,Class_75,Class_76,Class_77,Class_78,Class_79,Class_80,Class_81,Class_82,Class_83,Class_84,Class_85,Class_86,Class_87,Class_88,Class_89,Class_90,Class_91,Class_92,Class_93,Class_94,Class_95,Class_96,Class_97,Class_98,Class_99,Class_100,Class_101,Class_102,Class_103
1,N/A,N/A,N/A,N/A,N/A,N/A,N/A,N/A,N/A,N/A,N/A,N/A,N/A,N/A,N/A,N/A,N/A,N/A,N/A,N/A,N/A,N/A,N/A,N/A,N/A,N/A,N/A,N/A,N/A,N/A,N/A,N/A,N/A,N/A,N/A,N/A,N/A,N/A,N/A,N/A,N/A,N/A,N/A,N/A,N/A,N/A,N/A,N/A,N/A,N/A,N/A,N/A,N/A,N/A,N/A,N/A,N/A,N/A,N/A,N/A,N/A,N/A,N/A,N/A,N/A,N/A,N/A,N/A,N/A,N/A,N/A,N/A,N/A,N/A,N/A,N/A,N/A,N/A,N/A,N/A,N/A,N/A,N/A,N/A,N/A,N/A,N/A,N/A,N/A,N/A,N/A,N/A,N/A,N/A,N/A,N/A,N/A,N/A,N/A,N/A,N/A,N/A,N/A,N/A
2,N/A,N/A,N/A,N/A,N/A,N/A,N/A,N/A,N/A,N/A,N/A,N/A,N/A,N/A,N/A,N/A,N/A,N/A,N/A,N/A,N/A,N/A,N/A,N/A,N/A,N/A,N/A,N/A,N/A,N/A,N/A,N/A,N/A,N/A,N/A,N/A,N/A,N/A,N/A,N/A,N/A,N/A,N/A,N/A,N/A,N/A,N/A,N/A,N/A,N/A,N/A,N/A,N/A,N/A,N/A,N/A,N/A,N/A,N/A,N/A,N/A,N/A,N/A,N/A,N/A,N/A,N/A,N/A,N/A,N/A,N/A,N/A,N/A,N/A,N/A,N/A,N/A,N/A,N/A,N/A,N/A,N/A,N/A,N/A,N/A,N/A,N/A,N/A,N/A,N/A,N/A,N/A,N/A,N/A,N/A,N/A,N/A,N/A,N/A,N/A,N/A,N/A,N/A,N/A
3,N/A,N/A,N/A,N/A,N/A,N/A,N/A,N/A,N/A,N/A,N/A,N/A,N/A,N/A,N/A,N/A,N/A,N/A,N/A,N/A,N/A,N/A,N/A,N/A,N/A,N/A,N/A,N/A,N/A,N/A,N/A,N/A,N/A,N/A,N/A,N/A,N/A,N/A,N/A,N/A,N/A,N/A,N/A,N/A,N/A,N/A,N/A,N/A,N/A,N/A,N/A,N/A,N/A,N/A,N/A,N/A,N/A,N/A,N/A,N/A,N/A,N/A,N/A,N/A,N/A,N/A,N/A,N/A,N/A,N/A,N/A,N/A,N/A,N/A,N/A,N/A,N/A,N/A,N/A,N/A,N/A,N/A,N/A,N/A,N/A,N/A,N/A,N/A,N/A,N/A,N/A,N/A,N/A,N/A,N/A,N/A,N/A,N/A,N/A,N/A,N/A,N/A,N/A,N/A
4,N/A,N/A,N/A,N/A,N/A,N/A,N/A,N/A,N/A,N/A,N/A,N/A,N/A,N/A,N/A,N/A,N/A,N/A,N/A,N/A,N/A,N/A,N/A,N/A,N/A,N/A,N/A,N/A,N/A,N/A,N/A,N/A,N/A,N/A,N/A,N/A,N/A,N/A,N/A,N/A,N/A,N/A,N/A,N/A,N/A,N/A,N/A,N/A,N/A,N/A,N/A,N/A,N/A,N/A,N/A,N/A,N/A,N/A,N/A,N/A,N/A,N/A,N/A,N/A,N/A,N/A,N/A,N/A,N/A,N/A,N/A,N/A,N/A,N/A,N/A,N/A,N/A,N/A,N/A,N/A,N/A,N/A,N/A,N/A,N/A,N/A,N/A,N/A,N/A,N/A,N/A,N/A,N/A,N/A,N/A,N/A,N/A,N/A,N/A,N/A,N/A,N/A,N/A,N/A
5,0.8548107147216797,0.28472039103507996,0.0,0.6361550092697144,0.2945288121700287,0.5089008808135986,0.770418643951416,0.0,0.4807194471359253,0.11672954261302948,0.4338274300098419,0.24556294083595276,0.4585687816143036,0.47352248430252075,0.4592088460922241,0.43973544239997864,0.20250152051448822,0.512747049331665,0.31364622712135315,0.09935793280601501,0.020526370033621788,0.5015010833740234,0.5004236698150635,0.16377021372318268,0.4583764672279358,0.4128022789955139,0.0,0.04673199728131294,0.5606942176818848,0.720666229724884,0.7884891629219055,0.5309852957725525,0.6883899569511414,0.5949736833572388,0.374656617641449,0.5562943816184998,0.5081343650817871,0.666392982006073,0.24508607387542725,0.7003378868103027,0.5056548714637756,0.5875439643859863,0.7280677556991577,0.10079095512628555,0.5894065499305725,0.5278466939926147,0.4481661915779114,0.09883222728967667,0.38530877232551575,0.18603871762752533,0.20523226261138916,0.1637631058692932,0.4342736303806305,0.40992650389671326,0.3262750208377838,0.6567580699920654,0.6157591938972473,0.49223092198371887,0.5651912689208984,0.7680145502090454,0.0,0.2999531328678131,0.13645973801612854,0.061301734298467636,0.5600756406784058,0.5931029915809631,0.724743664264679,0.4616343379020691,0.4076783061027527,0.015316354110836983,0.570634663105011,0.6378695368766785,0.5799305438995361,0.707775890827179,0.0,0.05402461439371109,0.31357935070991516,0.026502322405576706,0.6389467716217041,0.4659463167190552,0.49437257647514343,0.33688294887542725,0.6728253364562988,0.32580316066741943,0.693632185459137,0.6894460916519165,0.0,0.8019782900810242,0.6595581769943237,0.49755874276161194,0.5477054119110107,0.40532198548316956,0.5909316539764404,0.44953906536102295,0.44115376472473145,0.7763503789901733,0.6894036531448364,0.0,0.32161271572113037,0.0,0.0,0.146194189786911,0.0,0.014296380802989006
6,N/A,N/A,N/A,N/A,N/A,N/A,N/A,N/A,N/A,N/A,N/A,N/A,N/A,N/A,N/A,N/A,N/A,N/A,N/A,N/A,N/A,N/A,N/A,N/A,N/A,N/A,N/A,N/A,N/A,N/A,N/A,N/A,N/A,N/A,N/A,N/A,N/A,N/A,N/A,N/A,N/A,N/A,N/A,N/A,N/A,N/A,N/A,N/A,N/A,N/A,N/A,N/A,N/A,N/A,N/A,N/A,N/A,N/A,N/A,N/A,N/A,N/A,N/A,N/A,N/A,N/A,N/A,N/A,N/A,N/A,N/A,N/A,N/A,N/A,N/A,N/A,N/A,N/A,N/A,N/A,N/A,N/A,N/A,N/A,N/A,N/A,N/A,N/A,N/A,N/A,N/A,N/A,N/A,N/A,N/A,N/A,N/A,N/A,N/A,N/A,N/A,N/A,N/A,N/A
7,N/A,N/A,N/A,N/A,N/A,N/A,N/A,N/A,N/A,N/A,N/A,N/A,N/A,N/A,N/A,N/A,N/A,N/A,N/A,N/A,N/A,N/A,N/A,N/A,N/A,N/A,N/A,N/A,N/A,N/A,N/A,N/A,N/A,N/A,N/A,N/A,N/A,N/A,N/A,N/A,N/A,N/A,N/A,N/A,N/A,N/A,N/A,N/A,N/A,N/A,N/A,N/A,N/A,N/A,N/A,N/A,N/A,N/A,N/A,N/A,N/A,N/A,N/A,N/A,N/A,N/A,N/A,N/A,N/A,N/A,N/A,N/A,N/A,N/A,N/A,N/A,N/A,N/A,N/A,N/A,N/A,N/A,N/A,N/A,N/A,N/A,N/A,N/A,N/A,N/A,N/A,N/A,N/A,N/A,N/A,N/A,N/A,N/A,N/A,N/A,N/A,N/A,N/A,N/A
8,N/A,N/A,N/A,N/A,N/A,N/A,N/A,N/A,N/A,N/A,N/A,N/A,N/A,N/A,N/A,N/A,N/A,N/A,N/A,N/A,N/A,N/A,N/A,N/A,N/A,N/A,N/A,N/A,N/A,N/A,N/A,N/A,N/A,N/A,N/A,N/A,N/A,N/A,N/A,N/A,N/A,N/A,N/A,N/A,N/A,N/A,N/A,N/A,N/A,N/A,N/A,N/A,N/A,N/A,N/A,N/A,N/A,N/A,N/A,N/A,N/A,N/A,N/A,N/A,N/A,N/A,N/A,N/A,N/A,N/A,N/A,N/A,N/A,N/A,N/A,N/A,N/A,N/A,N/A,N/A,N/A,N/A,N/A,N/A,N/A,N/A,N/A,N/A,N/A,N/A,N/A,N/A,N/A,N/A,N/A,N/A,N/A,N/A,N/A,N/A,N/A,N/A,N/A,N/A
9,N/A,N/A,N/A,N/A,N/A,N/A,N/A,N/A,N/A,N/A,N/A,N/A,N/A,N/A,N/A,N/A,N/A,N/A,N/A,N/A,N/A,N/A,N/A,N/A,N/A,N/A,N/A,N/A,N/A,N/A,N/A,N/A,N/A,N/A,N/A,N/A,N/A,N/A,N/A,N/A,N/A,N/A,N/A,N/A,N/A,N/A,N/A,N/A,N/A,N/A,N/A,N/A,N/A,N/A,N/A,N/A,N/A,N/A,N/A,N/A,N/A,N/A,N/A,N/A,N/A,N/A,N/A,N/A,N/A,N/A,N/A,N/A,N/A,N/A,N/A,N/A,N/A,N/A,N/A,N/A,N/A,N/A,N/A,N/A,N/A,N/A,N/A,N/A,N/A,N/A,N/A,N/A,N/A,N/A,N/A,N/A,N/A,N/A,N/A,N/A,N/A,N/A,N/A,N/A
10,0.8273501396179199,0.5607156157493591,0.0,0.6117018461227417,0.29168999195098877,0.5595268607139587,0.7762777805328369,0.0,0.47865185141563416,0.10203051567077637,0.43952351808547974,0.2911076545715332,0.4336355924606323,0.4576435387134552,0.41457927227020264,0.45834916830062866,0.16147282719612122,0.48986515402793884,0.3819832503795624,0.23079276084899902,0.3377211391925812,0.5166696310043335,0.4983322024345398,0.0,0.497513085603714,0.5144521594047546,0.3000248968601227,0.22279512882232666,0.6317799687385559,0.7184779644012451,0.7736701965332031,0.5281916260719299,0.6573571562767029,0.545644998550415,0.38009312748908997,0.5932825207710266,0.5436680316925049,0.6914241909980774,0.2524096369743347,0.7433903813362122,0.513812243938446,0.6812214255332947,0.8513233661651611,0.11770589649677277,0.5943397283554077,0.534106969833374,0.45669811964035034,0.2104516327381134,0.40933358669281006,0.2504275143146515,0.17409418523311615,0.029316997155547142,0.39550095796585083,0.28581228852272034,0.3042013645172119,0.7270933389663696,0.5881552696228027,0.46586552262306213,0.5782071352005005,0.776167631149292,0.0,0.28188323974609375,0.19063204526901245,0.3630981743335724,0.6120631694793701,0.62372225522995,0.6946569681167603,0.4394954442977905,0.44480565190315247,0.008229279890656471,0.5446217656135559,0.5520830750465393,0.6882145404815674,0.6998540163040161,0.0,0.31243836879730225,0.39257073402404785,0.2043503075838089,0.5840015411376953,0.4887693524360657,0.4980747103691101,0.4004964828491211,0.711652934551239,0.38364359736442566,0.7678987979888916,0.7555420994758606,0.0,0.8464995622634888,0.7051821947097778,0.49471333622932434,0.5287625193595886,0.48821312189102173,0.6838997602462769,0.41032758355140686,0.48349595069885254,0.7879879474639893,0.6422026753425598,0.0,0.22559072077274323,0.47196370363235474,0.0,0.30306941270828247,0.02164510264992714,0.046260036528110504
11,N/A,N/A,N/A,N/A,N/A,N/A,N/A,N/A,N/A,N/A,N/A,N/A,N/A,N/A,N/A,N/A,N/A,N/A,N/A,N/A,N/A,N/A,N/A,N/A,N/A,N/A,N/A,N/A,N/A,N/A,N/A,N/A,N/A,N/A,N/A,N/A,N/A,N/A,N/A,N/A,N/A,N/A,N/A,N/A,N/A,N/A,N/A,N/A,N/A,N/A,N/A,N/A,N/A,N/A,N/A,N/A,N/A,N/A,N/A,N/A,N/A,N/A,N/A,N/A,N/A,N/A,N/A,N/A,N/A,N/A,N/A,N/A,N/A,N/A,N/A,N/A,N/A,N/A,N/A,N/A,N/A,N/A,N/A,N/A,N/A,N/A,N/A,N/A,N/A,N/A,N/A,N/A,N/A,N/A,N/A,N/A,N/A,N/A,N/A,N/A,N/A,N/A,N/A,N/A
12,N/A,N/A,N/A,N/A,N/A,N/A,N/A,N/A,N/A,N/A,N/A,N/A,N/A,N/A,N/A,N/A,N/A,N/A,N/A,N/A,N/A,N/A,N/A,N/A,N/A,N/A,N/A,N/A,N/A,N/A,N/A,N/A,N/A,N/A,N/A,N/A,N/A,N/A,N/A,N/A,N/A,N/A,N/A,N/A,N/A,N/A,N/A,N/A,N/A,N/A,N/A,N/A,N/A,N/A,N/A,N/A,N/A,N/A,N/A,N/A,N/A,N/A,N/A,N/A,N/A,N/A,N/A,N/A,N/A,N/A,N/A,N/A,N/A,N/A,N/A,N/A,N/A,N/A,N/A,N/A,N/A,N/A,N/A,N/A,N/A,N/A,N/A,N/A,N/A,N/A,N/A,N/A,N/A,N/A,N/A,N/A,N/A,N/A,N/A,N/A,N/A,N/A,N/A,N/A
13,N/A,N/A,N/A,N/A,N/A,N/A,N/A,N/A,N/A,N/A,N/A,N/A,N/A,N/A,N/A,N/A,N/A,N/A,N/A,N/A,N/A,N/A,N/A,N/A,N/A,N/A,N/A,N/A,N/A,N/A,N/A,N/A,N/A,N/A,N/A,N/A,N/A,N/A,N/A,N/A,N/A,N/A,N/A,N/A,N/A,N/A,N/A,N/A,N/A,N/A,N/A,N/A,N/A,N/A,N/A,N/A,N/A,N/A,N/A,N/A,N/A,N/A,N/A,N/A,N/A,N/A,N/A,N/A,N/A,N/A,N/A,N/A,N/A,N/A,N/A,N/A,N/A,N/A,N/A,N/A,N/A,N/A,N/A,N/A,N/A,N/A,N/A,N/A,N/A,N/A,N/A,N/A,N/A,N/A,N/A,N/A,N/A,N/A,N/A,N/A,N/A,N/A,N/A,N/A
14,N/A,N/A,N/A,N/A,N/A,N/A,N/A,N/A,N/A,N/A,N/A,N/A,N/A,N/A,N/A,N/A,N/A,N/A,N/A,N/A,N/A,N/A,N/A,N/A,N/A,N/A,N/A,N/A,N/A,N/A,N/A,N/A,N/A,N/A,N/A,N/A,N/A,N/A,N/A,N/A,N/A,N/A,N/A,N/A,N/A,N/A,N/A,N/A,N/A,N/A,N/A,N/A,N/A,N/A,N/A,N/A,N/A,N/A,N/A,N/A,N/A,N/A,N/A,N/A,N/A,N/A,N/A,N/A,N/A,N/A,N/A,N/A,N/A,N/A,N/A,N/A,N/A,N/A,N/A,N/A,N/A,N/A,N/A,N/A,N/A,N/A,N/A,N/A,N/A,N/A,N/A,N/A,N/A,N/A,N/A,N/A,N/A,N/A,N/A,N/A,N/A,N/A,N/A,N/A
15,0.8729277849197388,0.5692955851554871,0.0,0.6125202775001526,0.26225805282592773,0.5341995358467102,0.7792244553565979,0.0,0.5017632246017456,0.11780137568712234,0.4402149021625519,0.29850441217422485,0.46707189083099365,0.4789171516895294,0.4950162470340729,0.3765079081058502,0.2216058224439621,0.5091529488563538,0.4733577370643616,0.40017831325531006,0.3562983274459839,0.5409823060035706,0.46690183877944946,0.0,0.473111629486084,0.557161808013916,0.186013862490654,0.21506832540035248,0.5526214838027954,0.7534087300300598,0.7621935606002808,0.5162844061851501,0.7433959245681763,0.5850098729133606,0.3631802201271057,0.6596006751060486,0.5351115465164185,0.7230007648468018,0.3185235261917114,0.7225258350372314,0.5420723557472229,0.7015525102615356,0.8546203970909119,0.12363504618406296,0.6076347827911377,0.54808109998703,0.47252169251441956,0.20486296713352203,0.4496590197086334,0.3312144875526428,0.23847121000289917,0.22824116051197052,0.384373277425766,0.4972706735134125,0.38074102997779846,0.7424665689468384,0.6664072871208191,0.42518526315689087,0.5748354196548462,0.7918035387992859,0.0,0.31895944476127625,0.1686604917049408,0.4432468116283417,0.5968539714813232,0.6280088424682617,0.7274766564369202,0.4637305438518524,0.3768448829650879,0.08110316842794418,0.5684400796890259,0.641642153263092,0.6614327430725098,0.7456780672073364,0.0,0.6252122521400452,0.3793313205242157,0.24866248667240143,0.6324367523193359,0.41296395659446716,0.5056458711624146,0.4671503007411957,0.7054430246353149,0.3398318290710449,0.7692880034446716,0.7509463429450989,0.0,0.8578634262084961,0.7039423584938049,0.5142220258712769,0.5622426867485046,0.46049952507019043,0.681715190410614,0.47045138478279114,0.5291154980659485,0.7974201440811157,0.7269335985183716,0.0,0.24894855916500092,0.18909825384616852,0.0,0.3011998236179352,0.016115060076117516,0.0650448426604271
16,N/A,N/A,N/A,N/A,N/A,N/A,N/A,N/A,N/A,N/A,N/A,N/A,N/A,N/A,N/A,N/A,N/A,N/A,N/A,N/A,N/A,N/A,N/A,N/A,N/A,N/A,N/A,N/A,N/A,N/A,N/A,N/A,N/A,N/A,N/A,N/A,N/A,N/A,N/A,N/A,N/A,N/A,N/A,N/A,N/A,N/A,N/A,N/A,N/A,N/A,N/A,N/A,N/A,N/A,N/A,N/A,N/A,N/A,N/A,N/A,N/A,N/A,N/A,N/A,N/A,N/A,N/A,N/A,N/A,N/A,N/A,N/A,N/A,N/A,N/A,N/A,N/A,N/A,N/A,N/A,N/A,N/A,N/A,N/A,N/A,N/A,N/A,N/A,N/A,N/A,N/A,N/A,N/A,N/A,N/A,N/A,N/A,N/A,N/A,N/A,N/A,N/A,N/A,N/A
17,N/A,N/A,N/A,N/A,N/A,N/A,N/A,N/A,N/A,N/A,N/A,N/A,N/A,N/A,N/A,N/A,N/A,N/A,N/A,N/A,N/A,N/A,N/A,N/A,N/A,N/A,N/A,N/A,N/A,N/A,N/A,N/A,N/A,N/A,N/A,N/A,N/A,N/A,N/A,N/A,N/A,N/A,N/A,N/A,N/A,N/A,N/A,N/A,N/A,N/A,N/A,N/A,N/A,N/A,N/A,N/A,N/A,N/A,N/A,N/A,N/A,N/A,N/A,N/A,N/A,N/A,N/A,N/A,N/A,N/A,N/A,N/A,N/A,N/A,N/A,N/A,N/A,N/A,N/A,N/A,N/A,N/A,N/A,N/A,N/A,N/A,N/A,N/A,N/A,N/A,N/A,N/A,N/A,N/A,N/A,N/A,N/A,N/A,N/A,N/A,N/A,N/A,N/A,N/A
18,N/A,N/A,N/A,N/A,N/A,N/A,N/A,N/A,N/A,N/A,N/A,N/A,N/A,N/A,N/A,N/A,N/A,N/A,N/A,N/A,N/A,N/A,N/A,N/A,N/A,N/A,N/A,N/A,N/A,N/A,N/A,N/A,N/A,N/A,N/A,N/A,N/A,N/A,N/A,N/A,N/A,N/A,N/A,N/A,N/A,N/A,N/A,N/A,N/A,N/A,N/A,N/A,N/A,N/A,N/A,N/A,N/A,N/A,N/A,N/A,N/A,N/A,N/A,N/A,N/A,N/A,N/A,N/A,N/A,N/A,N/A,N/A,N/A,N/A,N/A,N/A,N/A,N/A,N/A,N/A,N/A,N/A,N/A,N/A,N/A,N/A,N/A,N/A,N/A,N/A,N/A,N/A,N/A,N/A,N/A,N/A,N/A,N/A,N/A,N/A,N/A,N/A,N/A,N/A
19,N/A,N/A,N/A,N/A,N/A,N/A,N/A,N/A,N/A,N/A,N/A,N/A,N/A,N/A,N/A,N/A,N/A,N/A,N/A,N/A,N/A,N/A,N/A,N/A,N/A,N/A,N/A,N/A,N/A,N/A,N/A,N/A,N/A,N/A,N/A,N/A,N/A,N/A,N/A,N/A,N/A,N/A,N/A,N/A,N/A,N/A,N/A,N/A,N/A,N/A,N/A,N/A,N/A,N/A,N/A,N/A,N/A,N/A,N/A,N/A,N/A,N/A,N/A,N/A,N/A,N/A,N/A,N/A,N/A,N/A,N/A,N/A,N/A,N/A,N/A,N/A,N/A,N/A,N/A,N/A,N/A,N/A,N/A,N/A,N/A,N/A,N/A,N/A,N/A,N/A,N/A,N/A,N/A,N/A,N/A,N/A,N/A,N/A,N/A,N/A,N/A,N/A,N/A,N/A
20,0.8877719640731812,0.5530009269714355,0.032933518290519714,0.6510480046272278,0.26786157488822937,0.5845779180526733,0.6633723378181458,0.0,0.5065271258354187,0.11025477200746536,0.46362072229385376,0.32136908173561096,0.49569040536880493,0.4570498764514923,0.4690653681755066,0.503051221370697,0.11706815659999847,0.547416090965271,0.4611760675907135,0.4146694839000702,0.3865121006965637,0.5414093732833862,0.5120890736579895,0.02248353138566017,0.5164791941642761,0.5008476376533508,0.1570170372724533,0.18664762377738953,0.6339238882064819,0.7913674116134644,0.8099489808082581,0.5517209768295288,0.7247046828269958,0.5620419979095459,0.3101121187210083,0.6637007594108582,0.4384782612323761,0.7172124981880188,0.3267742097377777,0.7716554403305054,0.4824032783508301,0.725090503692627,0.8575429916381836,0.17827290296554565,0.5554051995277405,0.5679657459259033,0.4605901837348938,0.14464281499385834,0.47807857394218445,0.31758952140808105,0.19868001341819763,0.2730753421783447,0.4108468294143677,0.4678603708744049,0.36648494005203247,0.6877456307411194,0.6614823341369629,0.4385334849357605,0.5929543972015381,0.8346527218818665,0.0,0.25131189823150635,0.1628475934267044,0.5007573366165161,0.6284061074256897,0.6507299542427063,0.7313350439071655,0.4609605073928833,0.45960092544555664,0.045971766114234924,0.6015207171440125,0.5660308003425598,0.6138339042663574,0.7393919825553894,0.0,0.6513872742652893,0.3971020579338074,0.1416333168745041,0.6076644062995911,0.5895036458969116,0.5171944499015808,0.5108946561813354,0.7328588366508484,0.3426956534385681,0.754549503326416,0.7733617424964905,0.0,0.8558965921401978,0.671575129032135,0.5313611626625061,0.6031231880187988,0.41323715448379517,0.723347544670105,0.4336962103843689,0.49553850293159485,0.7821471691131592,0.7376086115837097,0.0,0.3157173693180084,0.46881359815597534,0.0,0.2383764535188675,0.0,0.055461905896663666
21,N/A,N/A,N/A,N/A,N/A,N/A,N/A,N/A,N/A,N/A,N/A,N/A,N/A,N/A,N/A,N/A,N/A,N/A,N/A,N/A,N/A,N/A,N/A,N/A,N/A,N/A,N/A,N/A,N/A,N/A,N/A,N/A,N/A,N/A,N/A,N/A,N/A,N/A,N/A,N/A,N/A,N/A,N/A,N/A,N/A,N/A,N/A,N/A,N/A,N/A,N/A,N/A,N/A,N/A,N/A,N/A,N/A,N/A,N/A,N/A,N/A,N/A,N/A,N/A,N/A,N/A,N/A,N/A,N/A,N/A,N/A,N/A,N/A,N/A,N/A,N/A,N/A,N/A,N/A,N/A,N/A,N/A,N/A,N/A,N/A,N/A,N/A,N/A,N/A,N/A,N/A,N/A,N/A,N/A,N/A,N/A,N/A,N/A,N/A,N/A,N/A,N/A,N/A,N/A
22,N/A,N/A,N/A,N/A,N/A,N/A,N/A,N/A,N/A,N/A,N/A,N/A,N/A,N/A,N/A,N/A,N/A,N/A,N/A,N/A,N/A,N/A,N/A,N/A,N/A,N/A,N/A,N/A,N/A,N/A,N/A,N/A,N/A,N/A,N/A,N/A,N/A,N/A,N/A,N/A,N/A,N/A,N/A,N/A,N/A,N/A,N/A,N/A,N/A,N/A,N/A,N/A,N/A,N/A,N/A,N/A,N/A,N/A,N/A,N/A,N/A,N/A,N/A,N/A,N/A,N/A,N/A,N/A,N/A,N/A,N/A,N/A,N/A,N/A,N/A,N/A,N/A,N/A,N/A,N/A,N/A,N/A,N/A,N/A,N/A,N/A,N/A,N/A,N/A,N/A,N/A,N/A,N/A,N/A,N/A,N/A,N/A,N/A,N/A,N/A,N/A,N/A,N/A,N/A
23,N/A,N/A,N/A,N/A,N/A,N/A,N/A,N/A,N/A,N/A,N/A,N/A,N/A,N/A,N/A,N/A,N/A,N/A,N/A,N/A,N/A,N/A,N/A,N/A,N/A,N/A,N/A,N/A,N/A,N/A,N/A,N/A,N/A,N/A,N/A,N/A,N/A,N/A,N/A,N/A,N/A,N/A,N/A,N/A,N/A,N/A,N/A,N/A,N/A,N/A,N/A,N/A,N/A,N/A,N/A,N/A,N/A,N/A,N/A,N/A,N/A,N/A,N/A,N/A,N/A,N/A,N/A,N/A,N/A,N/A,N/A,N/A,N/A,N/A,N/A,N/A,N/A,N/A,N/A,N/A,N/A,N/A,N/A,N/A,N/A,N/A,N/A,N/A,N/A,N/A,N/A,N/A,N/A,N/A,N/A,N/A,N/A,N/A,N/A,N/A,N/A,N/A,N/A,N/A
24,N/A,N/A,N/A,N/A,N/A,N/A,N/A,N/A,N/A,N/A,N/A,N/A,N/A,N/A,N/A,N/A,N/A,N/A,N/A,N/A,N/A,N/A,N/A,N/A,N/A,N/A,N/A,N/A,N/A,N/A,N/A,N/A,N/A,N/A,N/A,N/A,N/A,N/A,N/A,N/A,N/A,N/A,N/A,N/A,N/A,N/A,N/A,N/A,N/A,N/A,N/A,N/A,N/A,N/A,N/A,N/A,N/A,N/A,N/A,N/A,N/A,N/A,N/A,N/A,N/A,N/A,N/A,N/A,N/A,N/A,N/A,N/A,N/A,N/A,N/A,N/A,N/A,N/A,N/A,N/A,N/A,N/A,N/A,N/A,N/A,N/A,N/A,N/A,N/A,N/A,N/A,N/A,N/A,N/A,N/A,N/A,N/A,N/A,N/A,N/A,N/A,N/A,N/A,N/A
25,0.8817586302757263,0.5670638084411621,0.0,0.6387899518013,0.28188997507095337,0.536185622215271,0.6982523798942566,0.0,0.4383222758769989,0.1296861469745636,0.457021564245224,0.2839440405368805,0.43352147936820984,0.3996966779232025,0.4760974943637848,0.400500625371933,0.16317090392112732,0.5247547030448914,0.4657279849052429,0.3843751847743988,0.42964017391204834,0.5202298164367676,0.5102158784866333,0.013147208839654922,0.46826452016830444,0.5181263089179993,0.1733216941356659,0.2242337465286255,0.6596031785011292,0.7385224103927612,0.8025967478752136,0.45756956934928894,0.6839224100112915,0.487984836101532,0.375558078289032,0.65293949842453,0.47132763266563416,0.7106956839561462,0.39472463726997375,0.7563791275024414,0.5166580677032471,0.7340127825737,0.8847008943557739,0.14663337171077728,0.5604381561279297,0.5779887437820435,0.44044169783592224,0.23482546210289001,0.4534427523612976,0.2718546688556671,0.2132340371608734,0.20509816706180573,0.3660469651222229,0.4659899175167084,0.3959815204143524,0.7243630290031433,0.6793285608291626,0.45006126165390015,0.5884270668029785,0.8359076380729675,0.0,0.3753507435321808,0.1658717542886734,0.4684144854545593,0.6209349036216736,0.6369504332542419,0.7288693189620972,0.45312708616256714,0.42965975403785706,0.060631439089775085,0.5881202220916748,0.5655779838562012,0.6934565305709839,0.7677247524261475,0.1310492604970932,0.6060574054718018,0.39251819252967834,0.2683776021003723,0.6246992945671082,0.6075964570045471,0.5113822817802429,0.47610345482826233,0.710188090801239,0.32219552993774414,0.8031871318817139,0.7687445878982544,0.0,0.8529330492019653,0.6666849255561829,0.5179852247238159,0.5642930269241333,0.4953996539115906,0.6332059502601624,0.4457181394100189,0.5626472234725952,0.7990075349807739,0.7108956575393677,0.0,0.3126184344291687,0.17865906655788422,0.00016848254017531872,0.27429288625717163,0.0012810504995286465,0.060720302164554596
26,N/A,N/A,N/A,N/A,N/A,N/A,N/A,N/A,N/A,N/A,N/A,N/A,N/A,N/A,N/A,N/A,N/A,N/A,N/A,N/A,N/A,N/A,N/A,N/A,N/A,N/A,N/A,N/A,N/A,N/A,N/A,N/A,N/A,N/A,N/A,N/A,N/A,N/A,N/A,N/A,N/A,N/A,N/A,N/A,N/A,N/A,N/A,N/A,N/A,N/A,N/A,N/A,N/A,N/A,N/A,N/A,N/A,N/A,N/A,N/A,N/A,N/A,N/A,N/A,N/A,N/A,N/A,N/A,N/A,N/A,N/A,N/A,N/A,N/A,N/A,N/A,N/A,N/A,N/A,N/A,N/A,N/A,N/A,N/A,N/A,N/A,N/A,N/A,N/A,N/A,N/A,N/A,N/A,N/A,N/A,N/A,N/A,N/A,N/A,N/A,N/A,N/A,N/A,N/A
27,N/A,N/A,N/A,N/A,N/A,N/A,N/A,N/A,N/A,N/A,N/A,N/A,N/A,N/A,N/A,N/A,N/A,N/A,N/A,N/A,N/A,N/A,N/A,N/A,N/A,N/A,N/A,N/A,N/A,N/A,N/A,N/A,N/A,N/A,N/A,N/A,N/A,N/A,N/A,N/A,N/A,N/A,N/A,N/A,N/A,N/A,N/A,N/A,N/A,N/A,N/A,N/A,N/A,N/A,N/A,N/A,N/A,N/A,N/A,N/A,N/A,N/A,N/A,N/A,N/A,N/A,N/A,N/A,N/A,N/A,N/A,N/A,N/A,N/A,N/A,N/A,N/A,N/A,N/A,N/A,N/A,N/A,N/A,N/A,N/A,N/A,N/A,N/A,N/A,N/A,N/A,N/A,N/A,N/A,N/A,N/A,N/A,N/A,N/A,N/A,N/A,N/A,N/A,N/A
28,N/A,N/A,N/A,N/A,N/A,N/A,N/A,N/A,N/A,N/A,N/A,N/A,N/A,N/A,N/A,N/A,N/A,N/A,N/A,N/A,N/A,N/A,N/A,N/A,N/A,N/A,N/A,N/A,N/A,N/A,N/A,N/A,N/A,N/A,N/A,N/A,N/A,N/A,N/A,N/A,N/A,N/A,N/A,N/A,N/A,N/A,N/A,N/A,N/A,N/A,N/A,N/A,N/A,N/A,N/A,N/A,N/A,N/A,N/A,N/A,N/A,N/A,N/A,N/A,N/A,N/A,N/A,N/A,N/A,N/A,N/A,N/A,N/A,N/A,N/A,N/A,N/A,N/A,N/A,N/A,N/A,N/A,N/A,N/A,N/A,N/A,N/A,N/A,N/A,N/A,N/A,N/A,N/A,N/A,N/A,N/A,N/A,N/A,N/A,N/A,N/A,N/A,N/A,N/A
29,N/A,N/A,N/A,N/A,N/A,N/A,N/A,N/A,N/A,N/A,N/A,N/A,N/A,N/A,N/A,N/A,N/A,N/A,N/A,N/A,N/A,N/A,N/A,N/A,N/A,N/A,N/A,N/A,N/A,N/A,N/A,N/A,N/A,N/A,N/A,N/A,N/A,N/A,N/A,N/A,N/A,N/A,N/A,N/A,N/A,N/A,N/A,N/A,N/A,N/A,N/A,N/A,N/A,N/A,N/A,N/A,N/A,N/A,N/A,N/A,N/A,N/A,N/A,N/A,N/A,N/A,N/A,N/A,N/A,N/A,N/A,N/A,N/A,N/A,N/A,N/A,N/A,N/A,N/A,N/A,N/A,N/A,N/A,N/A,N/A,N/A,N/A,N/A,N/A,N/A,N/A,N/A,N/A,N/A,N/A,N/A,N/A,N/A,N/A,N/A,N/A,N/A,N/A,N/A
30,0.885633111000061,0.5601286292076111,0.06815967708826065,0.6625859141349792,0.2806137800216675,0.5906771421432495,0.7284465432167053,0.0,0.4911405146121979,0.12218786031007767,0.45952680706977844,0.2751355469226837,0.43564701080322266,0.4842902719974518,0.47912174463272095,0.4888730049133301,0.18764300644397736,0.5681537985801697,0.4664188623428345,0.4123515188694,0.3746218979358673,0.4454960525035858,0.5150634050369263,0.16100123524665833,0.5585277080535889,0.5144071578979492,0.1543167680501938,0.25278565287590027,0.6412832736968994,0.7823630571365356,0.7794091105461121,0.5434635877609253,0.7429797649383545,0.5679578185081482,0.35738062858581543,0.6968016624450684,0.5638352632522583,0.7054156064987183,0.3907068967819214,0.7760996222496033,0.5209436416625977,0.7541506886482239,0.8891435861587524,0.20064862072467804,0.5754782557487488,0.5395767688751221,0.4467552900314331,0.21215954422950745,0.46886783838272095,0.32833579182624817,0.22016698122024536,0.24087899923324585,0.4042310416698456,0.5035151243209839,0.4158519506454468,0.7543677091598511,0.6889331936836243,0.3803250789642334,0.5938875079154968,0.8322122693061829,0.0016371296951547265,0.30122458934783936,0.179819718003273,0.5244067311286926,0.6302993297576904,0.6335026025772095,0.7405993342399597,0.44421452283859253,0.4119861423969269,0.09260129928588867,0.6093284487724304,0.5226573348045349,0.6906137466430664,0.7600533962249756,0.008816187269985676,0.7010429501533508,0.39131057262420654,0.07093881070613861,0.614435076713562,0.6207453012466431,0.5202761888504028,0.4420924782752991,0.7321900725364685,0.35422131419181824,0.7984318137168884,0.7914470434188843,0.0,0.8636215925216675,0.7332324385643005,0.5296710133552551,0.5898533463478088,0.4975288510322571,0.725094735622406,0.4422222971916199,0.553906261920929,0.8050613403320312,0.7399470210075378,0.0,0.25039803981781006,0.4430052936077118,0.10049012303352356,0.2984396517276764,0.003856164636090398,0.047923292964696884
31,N/A,N/A,N/A,N/A,N/A,N/A,N/A,N/A,N/A,N/A,N/A,N/A,N/A,N/A,N/A,N/A,N/A,N/A,N/A,N/A,N/A,N/A,N/A,N/A,N/A,N/A,N/A,N/A,N/A,N/A,N/A,N/A,N/A,N/A,N/A,N/A,N/A,N/A,N/A,N/A,N/A,N/A,N/A,N/A,N/A,N/A,N/A,N/A,N/A,N/A,N/A,N/A,N/A,N/A,N/A,N/A,N/A,N/A,N/A,N/A,N/A,N/A,N/A,N/A,N/A,N/A,N/A,N/A,N/A,N/A,N/A,N/A,N/A,N/A,N/A,N/A,N/A,N/A,N/A,N/A,N/A,N/A,N/A,N/A,N/A,N/A,N/A,N/A,N/A,N/A,N/A,N/A,N/A,N/A,N/A,N/A,N/A,N/A,N/A,N/A,N/A,N/A,N/A,N/A
32,N/A,N/A,N/A,N/A,N/A,N/A,N/A,N/A,N/A,N/A,N/A,N/A,N/A,N/A,N/A,N/A,N/A,N/A,N/A,N/A,N/A,N/A,N/A,N/A,N/A,N/A,N/A,N/A,N/A,N/A,N/A,N/A,N/A,N/A,N/A,N/A,N/A,N/A,N/A,N/A,N/A,N/A,N/A,N/A,N/A,N/A,N/A,N/A,N/A,N/A,N/A,N/A,N/A,N/A,N/A,N/A,N/A,N/A,N/A,N/A,N/A,N/A,N/A,N/A,N/A,N/A,N/A,N/A,N/A,N/A,N/A,N/A,N/A,N/A,N/A,N/A,N/A,N/A,N/A,N/A,N/A,N/A,N/A,N/A,N/A,N/A,N/A,N/A,N/A,N/A,N/A,N/A,N/A,N/A,N/A,N/A,N/A,N/A,N/A,N/A,N/A,N/A,N/A,N/A
33,N/A,N/A,N/A,N/A,N/A,N/A,N/A,N/A,N/A,N/A,N/A,N/A,N/A,N/A,N/A,N/A,N/A,N/A,N/A,N/A,N/A,N/A,N/A,N/A,N/A,N/A,N/A,N/A,N/A,N/A,N/A,N/A,N/A,N/A,N/A,N/A,N/A,N/A,N/A,N/A,N/A,N/A,N/A,N/A,N/A,N/A,N/A,N/A,N/A,N/A,N/A,N/A,N/A,N/A,N/A,N/A,N/A,N/A,N/A,N/A,N/A,N/A,N/A,N/A,N/A,N/A,N/A,N/A,N/A,N/A,N/A,N/A,N/A,N/A,N/A,N/A,N/A,N/A,N/A,N/A,N/A,N/A,N/A,N/A,N/A,N/A,N/A,N/A,N/A,N/A,N/A,N/A,N/A,N/A,N/A,N/A,N/A,N/A,N/A,N/A,N/A,N/A,N/A,N/A
34,N/A,N/A,N/A,N/A,N/A,N/A,N/A,N/A,N/A,N/A,N/A,N/A,N/A,N/A,N/A,N/A,N/A,N/A,N/A,N/A,N/A,N/A,N/A,N/A,N/A,N/A,N/A,N/A,N/A,N/A,N/A,N/A,N/A,N/A,N/A,N/A,N/A,N/A,N/A,N/A,N/A,N/A,N/A,N/A,N/A,N/A,N/A,N/A,N/A,N/A,N/A,N/A,N/A,N/A,N/A,N/A,N/A,N/A,N/A,N/A,N/A,N/A,N/A,N/A,N/A,N/A,N/A,N/A,N/A,N/A,N/A,N/A,N/A,N/A,N/A,N/A,N/A,N/A,N/A,N/A,N/A,N/A,N/A,N/A,N/A,N/A,N/A,N/A,N/A,N/A,N/A,N/A,N/A,N/A,N/A,N/A,N/A,N/A,N/A,N/A,N/A,N/A,N/A,N/A
35,0.8723195195198059,0.5458457469940186,0.0,0.6173623204231262,0.3438693583011627,0.5525296926498413,0.6891367435455322,0.0,0.4102422297000885,0.1519741266965866,0.4725513756275177,0.29049649834632874,0.4080832302570343,0.4975931942462921,0.47618457674980164,0.3264661431312561,0.14429901540279388,0.5421482920646667,0.44492092728614807,0.3748365044593811,0.33349886536598206,0.4975214898586273,0.4714370667934418,0.14854492247104645,0.4897959232330322,0.49931764602661133,0.17660483717918396,0.2032400667667389,0.6257262229919434,0.7677595615386963,0.7865553498268127,0.46639126539230347,0.7573317885398865,0.57542884349823,0.28389623761177063,0.6739364862442017,0.5326979756355286,0.7285854816436768,0.3820784389972687,0.7963300943374634,0.458208829164505,0.7029526233673096,0.8198979496955872,0.1745438277721405,0.57648104429245,0.512841522693634,0.43960797786712646,0.22690889239311218,0.4484789967536926,0.32390832901000977,0.20378050208091736,0.2490644007921219,0.3600830137729645,0.4968409538269043,0.3757116496562958,0.7446343898773193,0.6800416707992554,0.3660409450531006,0.5816885828971863,0.8247842192649841,0.0,0.333958238363266,0.15790331363677979,0.5599427223205566,0.6372700333595276,0.670642614364624,0.7351831197738647,0.4131220579147339,0.42222827672958374,0.076614148914814,0.58750981092453,0.5540646910667419,0.6897855997085571,0.7572975158691406,0.19648346304893494,0.6676095128059387,0.39820292592048645,0.2579283118247986,0.6796799898147583,0.5885873436927795,0.5101738572120667,0.521458625793457,0.7293742299079895,0.2953512668609619,0.7977520227432251,0.7912944555282593,0.0,0.8563026189804077,0.6897048950195312,0.5101824998855591,0.5573865175247192,0.4794410765171051,0.7131405472755432,0.4506598114967346,0.5017915964126587,0.7869692444801331,0.7280591130256653,0.0,0.3037669062614441,0.6275438070297241,0.06140444055199623,0.2425251454114914,0.0,0.06357937306165695
36,N/A,N/A,N/A,N/A,N/A,N/A,N/A,N/A,N/A,N/A,N/A,N/A,N/A,N/A,N/A,N/A,N/A,N/A,N/A,N/A,N/A,N/A,N/A,N/A,N/A,N/A,N/A,N/A,N/A,N/A,N/A,N/A,N/A,N/A,N/A,N/A,N/A,N/A,N/A,N/A,N/A,N/A,N/A,N/A,N/A,N/A,N/A,N/A,N/A,N/A,N/A,N/A,N/A,N/A,N/A,N/A,N/A,N/A,N/A,N/A,N/A,N/A,N/A,N/A,N/A,N/A,N/A,N/A,N/A,N/A,N/A,N/A,N/A,N/A,N/A,N/A,N/A,N/A,N/A,N/A,N/A,N/A,N/A,N/A,N/A,N/A,N/A,N/A,N/A,N/A,N/A,N/A,N/A,N/A,N/A,N/A,N/A,N/A,N/A,N/A,N/A,N/A,N/A,N/A
37,N/A,N/A,N/A,N/A,N/A,N/A,N/A,N/A,N/A,N/A,N/A,N/A,N/A,N/A,N/A,N/A,N/A,N/A,N/A,N/A,N/A,N/A,N/A,N/A,N/A,N/A,N/A,N/A,N/A,N/A,N/A,N/A,N/A,N/A,N/A,N/A,N/A,N/A,N/A,N/A,N/A,N/A,N/A,N/A,N/A,N/A,N/A,N/A,N/A,N/A,N/A,N/A,N/A,N/A,N/A,N/A,N/A,N/A,N/A,N/A,N/A,N/A,N/A,N/A,N/A,N/A,N/A,N/A,N/A,N/A,N/A,N/A,N/A,N/A,N/A,N/A,N/A,N/A,N/A,N/A,N/A,N/A,N/A,N/A,N/A,N/A,N/A,N/A,N/A,N/A,N/A,N/A,N/A,N/A,N/A,N/A,N/A,N/A,N/A,N/A,N/A,N/A,N/A,N/A
38,N/A,N/A,N/A,N/A,N/A,N/A,N/A,N/A,N/A,N/A,N/A,N/A,N/A,N/A,N/A,N/A,N/A,N/A,N/A,N/A,N/A,N/A,N/A,N/A,N/A,N/A,N/A,N/A,N/A,N/A,N/A,N/A,N/A,N/A,N/A,N/A,N/A,N/A,N/A,N/A,N/A,N/A,N/A,N/A,N/A,N/A,N/A,N/A,N/A,N/A,N/A,N/A,N/A,N/A,N/A,N/A,N/A,N/A,N/A,N/A,N/A,N/A,N/A,N/A,N/A,N/A,N/A,N/A,N/A,N/A,N/A,N/A,N/A,N/A,N/A,N/A,N/A,N/A,N/A,N/A,N/A,N/A,N/A,N/A,N/A,N/A,N/A,N/A,N/A,N/A,N/A,N/A,N/A,N/A,N/A,N/A,N/A,N/A,N/A,N/A,N/A,N/A,N/A,N/A
39,N/A,N/A,N/A,N/A,N/A,N/A,N/A,N/A,N/A,N/A,N/A,N/A,N/A,N/A,N/A,N/A,N/A,N/A,N/A,N/A,N/A,N/A,N/A,N/A,N/A,N/A,N/A,N/A,N/A,N/A,N/A,N/A,N/A,N/A,N/A,N/A,N/A,N/A,N/A,N/A,N/A,N/A,N/A,N/A,N/A,N/A,N/A,N/A,N/A,N/A,N/A,N/A,N/A,N/A,N/A,N/A,N/A,N/A,N/A,N/A,N/A,N/A,N/A,N/A,N/A,N/A,N/A,N/A,N/A,N/A,N/A,N/A,N/A,N/A,N/A,N/A,N/A,N/A,N/A,N/A,N/A,N/A,N/A,N/A,N/A,N/A,N/A,N/A,N/A,N/A,N/A,N/A,N/A,N/A,N/A,N/A,N/A,N/A,N/A,N/A,N/A,N/A,N/A,N/A
40,0.8813593983650208,0.5892724394798279,0.0,0.623553991317749,0.23266279697418213,0.5161692500114441,0.7684366703033447,0.0,0.4722261428833008,0.1294098049402237,0.467644602060318,0.22676756978034973,0.4223181903362274,0.5036152601242065,0.436017781496048,0.4598633646965027,0.14252884685993195,0.5530750751495361,0.37104952335357666,0.3528320789337158,0.38198018074035645,0.4242781102657318,0.5282282829284668,0.07642176002264023,0.5627332329750061,0.48894768953323364,0.13947217166423798,0.2212131768465042,0.6616330742835999,0.807572603225708,0.8220306634902954,0.5706321001052856,0.7688618302345276,0.567912757396698,0.2991224527359009,0.6308468580245972,0.5963772535324097,0.7109074592590332,0.35420891642570496,0.7544774413108826,0.5326381921768188,0.7407647371292114,0.8837395310401917,0.29471227526664734,0.5903439521789551,0.5678799748420715,0.4449881911277771,0.1998143494129181,0.4676765203475952,0.31744056940078735,0.21186131238937378,0.2598534822463989,0.40387609601020813,0.40441614389419556,0.3796205520629883,0.7626804709434509,0.657958447933197,0.3935520052909851,0.5795541405677795,0.8364806175231934,0.0015761570539325476,0.3649691343307495,0.17323115468025208,0.5508348345756531,0.6142143607139587,0.6319953203201294,0.7401360273361206,0.44995057582855225,0.4324871599674225,0.041545093059539795,0.5916955471038818,0.6372737884521484,0.6625407338142395,0.7805382013320923,0.011736189015209675,0.6621180772781372,0.34331396222114563,0.25437721610069275,0.6556039452552795,0.6513864398002625,0.5183461904525757,0.5541245937347412,0.7302430272102356,0.36097782850265503,0.7996760010719299,0.7853121161460876,0.0,0.8521310687065125,0.6919805407524109,0.4976642429828644,0.5912845134735107,0.4557375907897949,0.692253589630127,0.433004766702652,0.5201074481010437,0.741592526435852,0.7049607038497925,0.0,0.34146934747695923,0.5174604654312134,0.04143012687563896,0.24214069545269012,0.00347334542311728,0.06871189922094345
41,N/A,N/A,N/A,N/A,N/A,N/A,N/A,N/A,N/A,N/A,N/A,N/A,N/A,N/A,N/A,N/A,N/A,N/A,N/A,N/A,N/A,N/A,N/A,N/A,N/A,N/A,N/A,N/A,N/A,N/A,N/A,N/A,N/A,N/A,N/A,N/A,N/A,N/A,N/A,N/A,N/A,N/A,N/A,N/A,N/A,N/A,N/A,N/A,N/A,N/A,N/A,N/A,N/A,N/A,N/A,N/A,N/A,N/A,N/A,N/A,N/A,N/A,N/A,N/A,N/A,N/A,N/A,N/A,N/A,N/A,N/A,N/A,N/A,N/A,N/A,N/A,N/A,N/A,N/A,N/A,N/A,N/A,N/A,N/A,N/A,N/A,N/A,N/A,N/A,N/A,N/A,N/A,N/A,N/A,N/A,N/A,N/A,N/A,N/A,N/A,N/A,N/A,N/A,N/A
42,N/A,N/A,N/A,N/A,N/A,N/A,N/A,N/A,N/A,N/A,N/A,N/A,N/A,N/A,N/A,N/A,N/A,N/A,N/A,N/A,N/A,N/A,N/A,N/A,N/A,N/A,N/A,N/A,N/A,N/A,N/A,N/A,N/A,N/A,N/A,N/A,N/A,N/A,N/A,N/A,N/A,N/A,N/A,N/A,N/A,N/A,N/A,N/A,N/A,N/A,N/A,N/A,N/A,N/A,N/A,N/A,N/A,N/A,N/A,N/A,N/A,N/A,N/A,N/A,N/A,N/A,N/A,N/A,N/A,N/A,N/A,N/A,N/A,N/A,N/A,N/A,N/A,N/A,N/A,N/A,N/A,N/A,N/A,N/A,N/A,N/A,N/A,N/A,N/A,N/A,N/A,N/A,N/A,N/A,N/A,N/A,N/A,N/A,N/A,N/A,N/A,N/A,N/A,N/A
43,N/A,N/A,N/A,N/A,N/A,N/A,N/A,N/A,N/A,N/A,N/A,N/A,N/A,N/A,N/A,N/A,N/A,N/A,N/A,N/A,N/A,N/A,N/A,N/A,N/A,N/A,N/A,N/A,N/A,N/A,N/A,N/A,N/A,N/A,N/A,N/A,N/A,N/A,N/A,N/A,N/A,N/A,N/A,N/A,N/A,N/A,N/A,N/A,N/A,N/A,N/A,N/A,N/A,N/A,N/A,N/A,N/A,N/A,N/A,N/A,N/A,N/A,N/A,N/A,N/A,N/A,N/A,N/A,N/A,N/A,N/A,N/A,N/A,N/A,N/A,N/A,N/A,N/A,N/A,N/A,N/A,N/A,N/A,N/A,N/A,N/A,N/A,N/A,N/A,N/A,N/A,N/A,N/A,N/A,N/A,N/A,N/A,N/A,N/A,N/A,N/A,N/A,N/A,N/A
44,N/A,N/A,N/A,N/A,N/A,N/A,N/A,N/A,N/A,N/A,N/A,N/A,N/A,N/A,N/A,N/A,N/A,N/A,N/A,N/A,N/A,N/A,N/A,N/A,N/A,N/A,N/A,N/A,N/A,N/A,N/A,N/A,N/A,N/A,N/A,N/A,N/A,N/A,N/A,N/A,N/A,N/A,N/A,N/A,N/A,N/A,N/A,N/A,N/A,N/A,N/A,N/A,N/A,N/A,N/A,N/A,N/A,N/A,N/A,N/A,N/A,N/A,N/A,N/A,N/A,N/A,N/A,N/A,N/A,N/A,N/A,N/A,N/A,N/A,N/A,N/A,N/A,N/A,N/A,N/A,N/A,N/A,N/A,N/A,N/A,N/A,N/A,N/A,N/A,N/A,N/A,N/A,N/A,N/A,N/A,N/A,N/A,N/A,N/A,N/A,N/A,N/A,N/A,N/A
45,0.885524332523346,0.5595778226852417,0.0,0.6179694533348083,0.272264301776886,0.5961893796920776,0.755862295627594,0.0,0.495564728975296,0.08369652926921844,0.46003788709640503,0.3129693865776062,0.48808062076568604,0.526505172252655,0.5120795965194702,0.5080474615097046,0.15502780675888062,0.5458435416221619,0.3588140904903412,0.34180790185928345,0.4193871021270752,0.46340474486351013,0.4841287136077881,0.0,0.5438798666000366,0.5102776288986206,0.14858965575695038,0.21909396350383759,0.6721405982971191,0.7740857005119324,0.8173425197601318,0.5352476239204407,0.7490091919898987,0.5498120784759521,0.3447704613208771,0.6774968504905701,0.5988328456878662,0.7405784130096436,0.3610939383506775,0.7930689454078674,0.5217286348342896,0.7441413998603821,0.8357301354408264,0.28702566027641296,0.6006063222885132,0.5601125955581665,0.46903619170188904,0.19605650007724762,0.46273481845855713,0.32552358508110046,0.199370339512825,0.29962748289108276,0.3903750479221344,0.5063339471817017,0.3561658263206482,0.7201776504516602,0.6703853607177734,0.4127744734287262,0.5766085386276245,0.8276292085647583,0.0,0.35377514362335205,0.1779382973909378,0.5250821113586426,0.6218596696853638,0.6386349201202393,0.7277817726135254,0.40908676385879517,0.48581796884536743,0.08931806683540344,0.5902891159057617,0.5820335149765015,0.6766261458396912,0.7517623901367188,0.21647115051746368,0.6931513547897339,0.3992938697338104,0.22588878870010376,0.6794100999832153,0.6321685910224915,0.5002453327178955,0.42310696840286255,0.7030777335166931,0.349198579788208,0.7760429978370667,0.7965657114982605,0.0,0.8557491898536682,0.7122222185134888,0.5195963382720947,0.5468723773956299,0.4203837811946869,0.6988452672958374,0.4442801773548126,0.5664226412773132,0.7917261123657227,0.7252472043037415,0.0,0.3197072744369507,0.3967921733856201,0.0920429527759552,0.26277756690979004,0.0,0.04210876673460007
46,N/A,N/A,N/A,N/A,N/A,N/A,N/A,N/A,N/A,N/A,N/A,N/A,N/A,N/A,N/A,N/A,N/A,N/A,N/A,N/A,N/A,N/A,N/A,N/A,N/A,N/A,N/A,N/A,N/A,N/A,N/A,N/A,N/A,N/A,N/A,N/A,N/A,N/A,N/A,N/A,N/A,N/A,N/A,N/A,N/A,N/A,N/A,N/A,N/A,N/A,N/A,N/A,N/A,N/A,N/A,N/A,N/A,N/A,N/A,N/A,N/A,N/A,N/A,N/A,N/A,N/A,N/A,N/A,N/A,N/A,N/A,N/A,N/A,N/A,N/A,N/A,N/A,N/A,N/A,N/A,N/A,N/A,N/A,N/A,N/A,N/A,N/A,N/A,N/A,N/A,N/A,N/A,N/A,N/A,N/A,N/A,N/A,N/A,N/A,N/A,N/A,N/A,N/A,N/A
47,N/A,N/A,N/A,N/A,N/A,N/A,N/A,N/A,N/A,N/A,N/A,N/A,N/A,N/A,N/A,N/A,N/A,N/A,N/A,N/A,N/A,N/A,N/A,N/A,N/A,N/A,N/A,N/A,N/A,N/A,N/A,N/A,N/A,N/A,N/A,N/A,N/A,N/A,N/A,N/A,N/A,N/A,N/A,N/A,N/A,N/A,N/A,N/A,N/A,N/A,N/A,N/A,N/A,N/A,N/A,N/A,N/A,N/A,N/A,N/A,N/A,N/A,N/A,N/A,N/A,N/A,N/A,N/A,N/A,N/A,N/A,N/A,N/A,N/A,N/A,N/A,N/A,N/A,N/A,N/A,N/A,N/A,N/A,N/A,N/A,N/A,N/A,N/A,N/A,N/A,N/A,N/A,N/A,N/A,N/A,N/A,N/A,N/A,N/A,N/A,N/A,N/A,N/A,N/A
48,N/A,N/A,N/A,N/A,N/A,N/A,N/A,N/A,N/A,N/A,N/A,N/A,N/A,N/A,N/A,N/A,N/A,N/A,N/A,N/A,N/A,N/A,N/A,N/A,N/A,N/A,N/A,N/A,N/A,N/A,N/A,N/A,N/A,N/A,N/A,N/A,N/A,N/A,N/A,N/A,N/A,N/A,N/A,N/A,N/A,N/A,N/A,N/A,N/A,N/A,N/A,N/A,N/A,N/A,N/A,N/A,N/A,N/A,N/A,N/A,N/A,N/A,N/A,N/A,N/A,N/A,N/A,N/A,N/A,N/A,N/A,N/A,N/A,N/A,N/A,N/A,N/A,N/A,N/A,N/A,N/A,N/A,N/A,N/A,N/A,N/A,N/A,N/A,N/A,N/A,N/A,N/A,N/A,N/A,N/A,N/A,N/A,N/A,N/A,N/A,N/A,N/A,N/A,N/A
49,N/A,N/A,N/A,N/A,N/A,N/A,N/A,N/A,N/A,N/A,N/A,N/A,N/A,N/A,N/A,N/A,N/A,N/A,N/A,N/A,N/A,N/A,N/A,N/A,N/A,N/A,N/A,N/A,N/A,N/A,N/A,N/A,N/A,N/A,N/A,N/A,N/A,N/A,N/A,N/A,N/A,N/A,N/A,N/A,N/A,N/A,N/A,N/A,N/A,N/A,N/A,N/A,N/A,N/A,N/A,N/A,N/A,N/A,N/A,N/A,N/A,N/A,N/A,N/A,N/A,N/A,N/A,N/A,N/A,N/A,N/A,N/A,N/A,N/A,N/A,N/A,N/A,N/A,N/A,N/A,N/A,N/A,N/A,N/A,N/A,N/A,N/A,N/A,N/A,N/A,N/A,N/A,N/A,N/A,N/A,N/A,N/A,N/A,N/A,N/A,N/A,N/A,N/A,N/A
50,0.887037456035614,0.5458695292472839,0.0,0.6534163355827332,0.20128926634788513,0.5860973000526428,0.784994900226593,0.0,0.49933701753616333,0.13506433367729187,0.4601482152938843,0.28655189275741577,0.5165917277336121,0.5121266841888428,0.46687453985214233,0.5096287727355957,0.11951392143964767,0.5455636382102966,0.38931548595428467,0.3566898703575134,0.449253648519516,0.48974037170410156,0.49313485622406006,0.22296731173992157,0.5120418667793274,0.4320559501647949,0.15708239376544952,0.20812320709228516,0.6333914399147034,0.8065622448921204,0.8162908554077148,0.5435506701469421,0.7466306686401367,0.5458776950836182,0.37036171555519104,0.6928927898406982,0.5724219083786011,0.7425217032432556,0.3621116578578949,0.7179886102676392,0.5447531938552856,0.7487730383872986,0.8664126992225647,0.18385618925094604,0.6043189167976379,0.5365683436393738,0.41614267230033875,0.23285120725631714,0.43396109342575073,0.3068774938583374,0.21887369453907013,0.2538439631462097,0.39501598477363586,0.499118834733963,0.3965419828891754,0.7487773895263672,0.6593095660209656,0.37285634875297546,0.5915800929069519,0.7955203056335449,0.0,0.3861123025417328,0.17552626132965088,0.5351311564445496,0.6293092966079712,0.6509760022163391,0.7454797625541687,0.4744699001312256,0.4225861728191376,0.13000373542308807,0.5822746157646179,0.5503278374671936,0.6805115342140198,0.7403812408447266,0.08384839445352554,0.7160133123397827,0.3996168375015259,0.024239206686615944,0.636380136013031,0.5220587849617004,0.5037649273872375,0.37527942657470703,0.7028763294219971,0.354311466217041,0.8002526760101318,0.7669617533683777,0.00038737631984986365,0.8560382127761841,0.7303401827812195,0.49085238575935364,0.5520680546760559,0.4319312572479248,0.71711266040802,0.44653260707855225,0.5315821170806885,0.77838134765625,0.6948972940444946,0.0,0.3062664270401001,0.576018214225769,0.0,0.2863830327987671,0.0,0.04441332072019577
51,N/A,N/A,N/A,N/A,N/A,N/A,N/A,N/A,N/A,N/A,N/A,N/A,N/A,N/A,N/A,N/A,N/A,N/A,N/A,N/A,N/A,N/A,N/A,N/A,N/A,N/A,N/A,N/A,N/A,N/A,N/A,N/A,N/A,N/A,N/A,N/A,N/A,N/A,N/A,N/A,N/A,N/A,N/A,N/A,N/A,N/A,N/A,N/A,N/A,N/A,N/A,N/A,N/A,N/A,N/A,N/A,N/A,N/A,N/A,N/A,N/A,N/A,N/A,N/A,N/A,N/A,N/A,N/A,N/A,N/A,N/A,N/A,N/A,N/A,N/A,N/A,N/A,N/A,N/A,N/A,N/A,N/A,N/A,N/A,N/A,N/A,N/A,N/A,N/A,N/A,N/A,N/A,N/A,N/A,N/A,N/A,N/A,N/A,N/A,N/A,N/A,N/A,N/A,N/A
52,N/A,N/A,N/A,N/A,N/A,N/A,N/A,N/A,N/A,N/A,N/A,N/A,N/A,N/A,N/A,N/A,N/A,N/A,N/A,N/A,N/A,N/A,N/A,N/A,N/A,N/A,N/A,N/A,N/A,N/A,N/A,N/A,N/A,N/A,N/A,N/A,N/A,N/A,N/A,N/A,N/A,N/A,N/A,N/A,N/A,N/A,N/A,N/A,N/A,N/A,N/A,N/A,N/A,N/A,N/A,N/A,N/A,N/A,N/A,N/A,N/A,N/A,N/A,N/A,N/A,N/A,N/A,N/A,N/A,N/A,N/A,N/A,N/A,N/A,N/A,N/A,N/A,N/A,N/A,N/A,N/A,N/A,N/A,N/A,N/A,N/A,N/A,N/A,N/A,N/A,N/A,N/A,N/A,N/A,N/A,N/A,N/A,N/A,N/A,N/A,N/A,N/A,N/A,N/A
53,N/A,N/A,N/A,N/A,N/A,N/A,N/A,N/A,N/A,N/A,N/A,N/A,N/A,N/A,N/A,N/A,N/A,N/A,N/A,N/A,N/A,N/A,N/A,N/A,N/A,N/A,N/A,N/A,N/A,N/A,N/A,N/A,N/A,N/A,N/A,N/A,N/A,N/A,N/A,N/A,N/A,N/A,N/A,N/A,N/A,N/A,N/A,N/A,N/A,N/A,N/A,N/A,N/A,N/A,N/A,N/A,N/A,N/A,N/A,N/A,N/A,N/A,N/A,N/A,N/A,N/A,N/A,N/A,N/A,N/A,N/A,N/A,N/A,N/A,N/A,N/A,N/A,N/A,N/A,N/A,N/A,N/A,N/A,N/A,N/A,N/A,N/A,N/A,N/A,N/A,N/A,N/A,N/A,N/A,N/A,N/A,N/A,N/A,N/A,N/A,N/A,N/A,N/A,N/A
54,N/A,N/A,N/A,N/A,N/A,N/A,N/A,N/A,N/A,N/A,N/A,N/A,N/A,N/A,N/A,N/A,N/A,N/A,N/A,N/A,N/A,N/A,N/A,N/A,N/A,N/A,N/A,N/A,N/A,N/A,N/A,N/A,N/A,N/A,N/A,N/A,N/A,N/A,N/A,N/A,N/A,N/A,N/A,N/A,N/A,N/A,N/A,N/A,N/A,N/A,N/A,N/A,N/A,N/A,N/A,N/A,N/A,N/A,N/A,N/A,N/A,N/A,N/A,N/A,N/A,N/A,N/A,N/A,N/A,N/A,N/A,N/A,N/A,N/A,N/A,N/A,N/A,N/A,N/A,N/A,N/A,N/A,N/A,N/A,N/A,N/A,N/A,N/A,N/A,N/A,N/A,N/A,N/A,N/A,N/A,N/A,N/A,N/A,N/A,N/A,N/A,N/A,N/A,N/A
55,0.8937061429023743,0.5264169573783875,0.0,0.6382474899291992,0.23489825427532196,0.5911640524864197,0.7732750177383423,0.0,0.4985325336456299,0.128927081823349,0.45502930879592896,0.2984604835510254,0.5053308010101318,0.5311325192451477,0.515102207660675,0.4527796804904938,0.14168962836265564,0.555936336517334,0.451267272233963,0.38643428683280945,0.4510709345340729,0.47760123014450073,0.4762837886810303,0.07991688698530197,0.5785418748855591,0.5428696274757385,0.1457841545343399,0.22737929224967957,0.700242280960083,0.7885740995407104,0.8280964493751526,0.45310911536216736,0.759428858757019,0.464481920003891,0.3460550904273987,0.6925316452980042,0.5794137716293335,0.755145788192749,0.2619445025920868,0.8054660558700562,0.5719908475875854,0.733337938785553,0.8930211067199707,0.2104952186346054,0.6206197142601013,0.5617287755012512,0.45614945888519287,0.20323145389556885,0.4658293128013611,0.32842668890953064,0.1905195415019989,0.26896581053733826,0.40723541378974915,0.4948410391807556,0.39113473892211914,0.7541353106498718,0.6770006418228149,0.391154408454895,0.597141683101654,0.8241866230964661,0.0,0.3646423816680908,0.16953864693641663,0.4472760260105133,0.6467860341072083,0.6590389013290405,0.729389488697052,0.4379305839538574,0.36452409625053406,0.051954738795757294,0.5796258449554443,0.5842069387435913,0.6801958084106445,0.7823257446289062,0.03862291947007179,0.6493649482727051,0.3797275125980377,0.09745471179485321,0.6355190873146057,0.6686461567878723,0.5274208188056946,0.4504261910915375,0.7213549613952637,0.3572852909564972,0.8287560939788818,0.7479802370071411,0.0,0.8597136735916138,0.7352092266082764,0.5361353158950806,0.5738177299499512,0.5026429891586304,0.71869295835495,0.4645756781101227,0.5586669445037842,0.7954214811325073,0.7216938734054565,0.0,0.3145858347415924,0.5922371745109558,0.2086072713136673,0.2941616475582123,0.0005008730222471058,0.04465436562895775
56,N/A,N/A,N/A,N/A,N/A,N/A,N/A,N/A,N/A,N/A,N/A,N/A,N/A,N/A,N/A,N/A,N/A,N/A,N/A,N/A,N/A,N/A,N/A,N/A,N/A,N/A,N/A,N/A,N/A,N/A,N/A,N/A,N/A,N/A,N/A,N/A,N/A,N/A,N/A,N/A,N/A,N/A,N/A,N/A,N/A,N/A,N/A,N/A,N/A,N/A,N/A,N/A,N/A,N/A,N/A,N/A,N/A,N/A,N/A,N/A,N/A,N/A,N/A,N/A,N/A,N/A,N/A,N/A,N/A,N/A,N/A,N/A,N/A,N/A,N/A,N/A,N/A,N/A,N/A,N/A,N/A,N/A,N/A,N/A,N/A,N/A,N/A,N/A,N/A,N/A,N/A,N/A,N/A,N/A,N/A,N/A,N/A,N/A,N/A,N/A,N/A,N/A,N/A,N/A
57,N/A,N/A,N/A,N/A,N/A,N/A,N/A,N/A,N/A,N/A,N/A,N/A,N/A,N/A,N/A,N/A,N/A,N/A,N/A,N/A,N/A,N/A,N/A,N/A,N/A,N/A,N/A,N/A,N/A,N/A,N/A,N/A,N/A,N/A,N/A,N/A,N/A,N/A,N/A,N/A,N/A,N/A,N/A,N/A,N/A,N/A,N/A,N/A,N/A,N/A,N/A,N/A,N/A,N/A,N/A,N/A,N/A,N/A,N/A,N/A,N/A,N/A,N/A,N/A,N/A,N/A,N/A,N/A,N/A,N/A,N/A,N/A,N/A,N/A,N/A,N/A,N/A,N/A,N/A,N/A,N/A,N/A,N/A,N/A,N/A,N/A,N/A,N/A,N/A,N/A,N/A,N/A,N/A,N/A,N/A,N/A,N/A,N/A,N/A,N/A,N/A,N/A,N/A,N/A
58,N/A,N/A,N/A,N/A,N/A,N/A,N/A,N/A,N/A,N/A,N/A,N/A,N/A,N/A,N/A,N/A,N/A,N/A,N/A,N/A,N/A,N/A,N/A,N/A,N/A,N/A,N/A,N/A,N/A,N/A,N/A,N/A,N/A,N/A,N/A,N/A,N/A,N/A,N/A,N/A,N/A,N/A,N/A,N/A,N/A,N/A,N/A,N/A,N/A,N/A,N/A,N/A,N/A,N/A,N/A,N/A,N/A,N/A,N/A,N/A,N/A,N/A,N/A,N/A,N/A,N/A,N/A,N/A,N/A,N/A,N/A,N/A,N/A,N/A,N/A,N/A,N/A,N/A,N/A,N/A,N/A,N/A,N/A,N/A,N/A,N/A,N/A,N/A,N/A,N/A,N/A,N/A,N/A,N/A,N/A,N/A,N/A,N/A,N/A,N/A,N/A,N/A,N/A,N/A
59,N/A,N/A,N/A,N/A,N/A,N/A,N/A,N/A,N/A,N/A,N/A,N/A,N/A,N/A,N/A,N/A,N/A,N/A,N/A,N/A,N/A,N/A,N/A,N/A,N/A,N/A,N/A,N/A,N/A,N/A,N/A,N/A,N/A,N/A,N/A,N/A,N/A,N/A,N/A,N/A,N/A,N/A,N/A,N/A,N/A,N/A,N/A,N/A,N/A,N/A,N/A,N/A,N/A,N/A,N/A,N/A,N/A,N/A,N/A,N/A,N/A,N/A,N/A,N/A,N/A,N/A,N/A,N/A,N/A,N/A,N/A,N/A,N/A,N/A,N/A,N/A,N/A,N/A,N/A,N/A,N/A,N/A,N/A,N/A,N/A,N/A,N/A,N/A,N/A,N/A,N/A,N/A,N/A,N/A,N/A,N/A,N/A,N/A,N/A,N/A,N/A,N/A,N/A,N/A
60,0.8915400505065918,0.5530497431755066,0.0,0.6555094122886658,0.21272128820419312,0.5909027457237244,0.7090355753898621,0.0,0.5091120600700378,0.1324508637189865,0.4486542344093323,0.29363080859184265,0.4506774842739105,0.529587984085083,0.5124479532241821,0.2294672727584839,0.15778030455112457,0.5707569122314453,0.40070438385009766,0.3900456130504608,0.39661115407943726,0.5022994875907898,0.49258777499198914,0.23336774110794067,0.5424440503120422,0.5366674065589905,0.19195866584777832,0.2156311720609665,0.6433777809143066,0.7968450784683228,0.8161097764968872,0.5190613269805908,0.7627143859863281,0.5816045999526978,0.2602711617946625,0.7011065483093262,0.6335020065307617,0.7340430617332458,0.3966386914253235,0.7702450752258301,0.5249335169792175,0.7391574382781982,0.8720566630363464,0.2902035713195801,0.5662174224853516,0.5586771368980408,0.4451042711734772,0.22034518420696259,0.4333568513393402,0.3158470392227173,0.22055478394031525,0.2805948257446289,0.4172511398792267,0.43111664056777954,0.35811564326286316,0.7026052474975586,0.6399809718132019,0.38187074661254883,0.5770207047462463,0.8313702940940857,0.0,0.3298608064651489,0.17496652901172638,0.4811229109764099,0.6457751989364624,0.6438902020454407,0.7242595553398132,0.4595380425453186,0.4643707871437073,0.07173601537942886,0.5816742181777954,0.6463508009910583,0.7065222859382629,0.771780252456665,0.2916134297847748,0.6817885637283325,0.3395828604698181,0.20795568823814392,0.634634792804718,0.6612935662269592,0.5094960331916809,0.5207550525665283,0.7000883221626282,0.3176269829273224,0.8201596736907959,0.7719600796699524,0.0020480158273130655,0.8586168885231018,0.7111954689025879,0.5142304301261902,0.5832604765892029,0.4827965199947357,0.6708284020423889,0.4354410171508789,0.5456206202507019,0.7957063913345337,0.7443045973777771,0.0,0.30895766615867615,0.562736451625824,0.1499558687210083,0.2487579733133316,0.0,0.03402308002114296
61,N/A,N/A,N/A,N/A,N/A,N/A,N/A,N/A,N/A,N/A,N/A,N/A,N/A,N/A,N/A,N/A,N/A,N/A,N/A,N/A,N/A,N/A,N/A,N/A,N/A,N/A,N/A,N/A,N/A,N/A,N/A,N/A,N/A,N/A,N/A,N/A,N/A,N/A,N/A,N/A,N/A,N/A,N/A,N/A,N/A,N/A,N/A,N/A,N/A,N/A,N/A,N/A,N/A,N/A,N/A,N/A,N/A,N/A,N/A,N/A,N/A,N/A,N/A,N/A,N/A,N/A,N/A,N/A,N/A,N/A,N/A,N/A,N/A,N/A,N/A,N/A,N/A,N/A,N/A,N/A,N/A,N/A,N/A,N/A,N/A,N/A,N/A,N/A,N/A,N/A,N/A,N/A,N/A,N/A,N/A,N/A,N/A,N/A,N/A,N/A,N/A,N/A,N/A,N/A
62,N/A,N/A,N/A,N/A,N/A,N/A,N/A,N/A,N/A,N/A,N/A,N/A,N/A,N/A,N/A,N/A,N/A,N/A,N/A,N/A,N/A,N/A,N/A,N/A,N/A,N/A,N/A,N/A,N/A,N/A,N/A,N/A,N/A,N/A,N/A,N/A,N/A,N/A,N/A,N/A,N/A,N/A,N/A,N/A,N/A,N/A,N/A,N/A,N/A,N/A,N/A,N/A,N/A,N/A,N/A,N/A,N/A,N/A,N/A,N/A,N/A,N/A,N/A,N/A,N/A,N/A,N/A,N/A,N/A,N/A,N/A,N/A,N/A,N/A,N/A,N/A,N/A,N/A,N/A,N/A,N/A,N/A,N/A,N/A,N/A,N/A,N/A,N/A,N/A,N/A,N/A,N/A,N/A,N/A,N/A,N/A,N/A,N/A,N/A,N/A,N/A,N/A,N/A,N/A
63,N/A,N/A,N/A,N/A,N/A,N/A,N/A,N/A,N/A,N/A,N/A,N/A,N/A,N/A,N/A,N/A,N/A,N/A,N/A,N/A,N/A,N/A,N/A,N/A,N/A,N/A,N/A,N/A,N/A,N/A,N/A,N/A,N/A,N/A,N/A,N/A,N/A,N/A,N/A,N/A,N/A,N/A,N/A,N/A,N/A,N/A,N/A,N/A,N/A,N/A,N/A,N/A,N/A,N/A,N/A,N/A,N/A,N/A,N/A,N/A,N/A,N/A,N/A,N/A,N/A,N/A,N/A,N/A,N/A,N/A,N/A,N/A,N/A,N/A,N/A,N/A,N/A,N/A,N/A,N/A,N/A,N/A,N/A,N/A,N/A,N/A,N/A,N/A,N/A,N/A,N/A,N/A,N/A,N/A,N/A,N/A,N/A,N/A,N/A,N/A,N/A,N/A,N/A,N/A
64,N/A,N/A,N/A,N/A,N/A,N/A,N/A,N/A,N/A,N/A,N/A,N/A,N/A,N/A,N/A,N/A,N/A,N/A,N/A,N/A,N/A,N/A,N/A,N/A,N/A,N/A,N/A,N/A,N/A,N/A,N/A,N/A,N/A,N/A,N/A,N/A,N/A,N/A,N/A,N/A,N/A,N/A,N/A,N/A,N/A,N/A,N/A,N/A,N/A,N/A,N/A,N/A,N/A,N/A,N/A,N/A,N/A,N/A,N/A,N/A,N/A,N/A,N/A,N/A,N/A,N/A,N/A,N/A,N/A,N/A,N/A,N/A,N/A,N/A,N/A,N/A,N/A,N/A,N/A,N/A,N/A,N/A,N/A,N/A,N/A,N/A,N/A,N/A,N/A,N/A,N/A,N/A,N/A,N/A,N/A,N/A,N/A,N/A,N/A,N/A,N/A,N/A,N/A,N/A
65,0.9053741693496704,0.5104356408119202,0.0,0.6517732739448547,0.26500922441482544,0.556946873664856,0.7709063291549683,0.0,0.4854927062988281,0.11850475519895554,0.44764280319213867,0.3441552221775055,0.49558040499687195,0.5298762917518616,0.4889916777610779,0.49963462352752686,0.21957913041114807,0.56147301197052,0.4577781558036804,0.3720310926437378,0.40971001982688904,0.48148030042648315,0.5178714394569397,0.2468407303094864,0.5015177130699158,0.5120136737823486,0.14196018874645233,0.20700466632843018,0.6497104167938232,0.7667819857597351,0.8244723677635193,0.5379723906517029,0.7476410865783691,0.5805671215057373,0.34563446044921875,0.650133490562439,0.6210838556289673,0.7460753321647644,0.38035207986831665,0.7953464984893799,0.5315965414047241,0.7392627000808716,0.8607823848724365,0.2962557077407837,0.5649622082710266,0.540887176990509,0.4599362909793854,0.2176557183265686,0.4722006916999817,0.29510626196861267,0.2321469932794571,0.20096801221370697,0.41017627716064453,0.4686489701271057,0.368378221988678,0.7573083639144897,0.6978774070739746,0.40734511613845825,0.5801005363464355,0.8518557548522949,0.0,0.35901129245758057,0.1711696982383728,0.45105692744255066,0.6424198746681213,0.6576075553894043,0.7532241344451904,0.44402769207954407,0.5092213749885559,0.10370519757270813,0.5999126434326172,0.5978431701660156,0.7117069363594055,0.7757998704910278,0.27441760897636414,0.7191321849822998,0.36921727657318115,0.09413333237171173,0.6471997499465942,0.661672830581665,0.522229015827179,0.516905665397644,0.7000165581703186,0.3156806230545044,0.8124825358390808,0.802267849445343,0.0035532815381884575,0.8741666674613953,0.6880616545677185,0.5034369230270386,0.5324859023094177,0.48027339577674866,0.7206800580024719,0.4645484983921051,0.5574501156806946,0.7829418778419495,0.7432597875595093,0.0,0.3105834126472473,0.660814106464386,0.14319992065429688,0.2479545623064041,0.0006405983003787696,0.055768951773643494
66,N/A,N/A,N/A,N/A,N/A,N/A,N/A,N/A,N/A,N/A,N/A,N/A,N/A,N/A,N/A,N/A,N/A,N/A,N/A,N/A,N/A,N/A,N/A,N/A,N/A,N/A,N/A,N/A,N/A,N/A,N/A,N/A,N/A,N/A,N/A,N/A,N/A,N/A,N/A,N/A,N/A,N/A,N/A,N/A,N/A,N/A,N/A,N/A,N/A,N/A,N/A,N/A,N/A,N/A,N/A,N/A,N/A,N/A,N/A,N/A,N/A,N/A,N/A,N/A,N/A,N/A,N/A,N/A,N/A,N/A,N/A,N/A,N/A,N/A,N/A,N/A,N/A,N/A,N/A,N/A,N/A,N/A,N/A,N/A,N/A,N/A,N/A,N/A,N/A,N/A,N/A,N/A,N/A,N/A,N/A,N/A,N/A,N/A,N/A,N/A,N/A,N/A,N/A,N/A
67,N/A,N/A,N/A,N/A,N/A,N/A,N/A,N/A,N/A,N/A,N/A,N/A,N/A,N/A,N/A,N/A,N/A,N/A,N/A,N/A,N/A,N/A,N/A,N/A,N/A,N/A,N/A,N/A,N/A,N/A,N/A,N/A,N/A,N/A,N/A,N/A,N/A,N/A,N/A,N/A,N/A,N/A,N/A,N/A,N/A,N/A,N/A,N/A,N/A,N/A,N/A,N/A,N/A,N/A,N/A,N/A,N/A,N/A,N/A,N/A,N/A,N/A,N/A,N/A,N/A,N/A,N/A,N/A,N/A,N/A,N/A,N/A,N/A,N/A,N/A,N/A,N/A,N/A,N/A,N/A,N/A,N/A,N/A,N/A,N/A,N/A,N/A,N/A,N/A,N/A,N/A,N/A,N/A,N/A,N/A,N/A,N/A,N/A,N/A,N/A,N/A,N/A,N/A,N/A
68,N/A,N/A,N/A,N/A,N/A,N/A,N/A,N/A,N/A,N/A,N/A,N/A,N/A,N/A,N/A,N/A,N/A,N/A,N/A,N/A,N/A,N/A,N/A,N/A,N/A,N/A,N/A,N/A,N/A,N/A,N/A,N/A,N/A,N/A,N/A,N/A,N/A,N/A,N/A,N/A,N/A,N/A,N/A,N/A,N/A,N/A,N/A,N/A,N/A,N/A,N/A,N/A,N/A,N/A,N/A,N/A,N/A,N/A,N/A,N/A,N/A,N/A,N/A,N/A,N/A,N/A,N/A,N/A,N/A,N/A,N/A,N/A,N/A,N/A,N/A,N/A,N/A,N/A,N/A,N/A,N/A,N/A,N/A,N/A,N/A,N/A,N/A,N/A,N/A,N/A,N/A,N/A,N/A,N/A,N/A,N/A,N/A,N/A,N/A,N/A,N/A,N/A,N/A,N/A
69,N/A,N/A,N/A,N/A,N/A,N/A,N/A,N/A,N/A,N/A,N/A,N/A,N/A,N/A,N/A,N/A,N/A,N/A,N/A,N/A,N/A,N/A,N/A,N/A,N/A,N/A,N/A,N/A,N/A,N/A,N/A,N/A,N/A,N/A,N/A,N/A,N/A,N/A,N/A,N/A,N/A,N/A,N/A,N/A,N/A,N/A,N/A,N/A,N/A,N/A,N/A,N/A,N/A,N/A,N/A,N/A,N/A,N/A,N/A,N/A,N/A,N/A,N/A,N/A,N/A,N/A,N/A,N/A,N/A,N/A,N/A,N/A,N/A,N/A,N/A,N/A,N/A,N/A,N/A,N/A,N/A,N/A,N/A,N/A,N/A,N/A,N/A,N/A,N/A,N/A,N/A,N/A,N/A,N/A,N/A,N/A,N/A,N/A,N/A,N/A,N/A,N/A,N/A,N/A
70,0.8981090188026428,0.5490233302116394,0.0,0.6394541263580322,0.2776105999946594,0.5671413540840149,0.714769721031189,0.0,0.4902040362358093,0.15484802424907684,0.44985148310661316,0.3125682473182678,0.5131781101226807,0.5230618119239807,0.5077130198478699,0.4792562425136566,0.08928759396076202,0.5448419451713562,0.39361315965652466,0.3615764379501343,0.4249269366264343,0.48806241154670715,0.5317965745925903,0.17426256835460663,0.546784520149231,0.513715922832489,0.21186862885951996,0.10109970718622208,0.6847566962242126,0.8093868494033813,0.776444673538208,0.5226993560791016,0.7354381084442139,0.5643444657325745,0.33112990856170654,0.698497474193573,0.6325441598892212,0.7418386936187744,0.39164572954177856,0.7459295988082886,0.5359157919883728,0.7404496669769287,0.8306747674942017,0.30756303668022156,0.6119387745857239,0.5653958320617676,0.45665353536605835,0.20277093350887299,0.4571049213409424,0.29720476269721985,0.22122029960155487,0.27481839060783386,0.4009181559085846,0.4932994544506073,0.39153698086738586,0.759955644607544,0.6995294094085693,0.39130187034606934,0.5852659344673157,0.8330613374710083,0.0,0.3748131990432739,0.1618354171514511,0.49755555391311646,0.643848717212677,0.6602204442024231,0.7276111245155334,0.4404694437980652,0.4187951385974884,0.0960100069642067,0.5961170196533203,0.5849058628082275,0.6581240892410278,0.7637168169021606,0.028261112049221992,0.6934716105461121,0.3879120647907257,0.10910994559526443,0.6440256237983704,0.6277703046798706,0.5147517323493958,0.5004680752754211,0.6880472898483276,0.326530784368515,0.8031742572784424,0.7821092009544373,0.0,0.8323649764060974,0.7196756601333618,0.5170723795890808,0.5867519974708557,0.45403578877449036,0.6751579642295837,0.4381994307041168,0.5346368551254272,0.7779281735420227,0.740306556224823,0.0,0.33408990502357483,0.5868908166885376,0.14384761452674866,0.2687743008136749,0.005373419262468815,0.03256244584918022
71,N/A,N/A,N/A,N/A,N/A,N/A,N/A,N/A,N/A,N/A,N/A,N/A,N/A,N/A,N/A,N/A,N/A,N/A,N/A,N/A,N/A,N/A,N/A,N/A,N/A,N/A,N/A,N/A,N/A,N/A,N/A,N/A,N/A,N/A,N/A,N/A,N/A,N/A,N/A,N/A,N/A,N/A,N/A,N/A,N/A,N/A,N/A,N/A,N/A,N/A,N/A,N/A,N/A,N/A,N/A,N/A,N/A,N/A,N/A,N/A,N/A,N/A,N/A,N/A,N/A,N/A,N/A,N/A,N/A,N/A,N/A,N/A,N/A,N/A,N/A,N/A,N/A,N/A,N/A,N/A,N/A,N/A,N/A,N/A,N/A,N/A,N/A,N/A,N/A,N/A,N/A,N/A,N/A,N/A,N/A,N/A,N/A,N/A,N/A,N/A,N/A,N/A,N/A,N/A
72,N/A,N/A,N/A,N/A,N/A,N/A,N/A,N/A,N/A,N/A,N/A,N/A,N/A,N/A,N/A,N/A,N/A,N/A,N/A,N/A,N/A,N/A,N/A,N/A,N/A,N/A,N/A,N/A,N/A,N/A,N/A,N/A,N/A,N/A,N/A,N/A,N/A,N/A,N/A,N/A,N/A,N/A,N/A,N/A,N/A,N/A,N/A,N/A,N/A,N/A,N/A,N/A,N/A,N/A,N/A,N/A,N/A,N/A,N/A,N/A,N/A,N/A,N/A,N/A,N/A,N/A,N/A,N/A,N/A,N/A,N/A,N/A,N/A,N/A,N/A,N/A,N/A,N/A,N/A,N/A,N/A,N/A,N/A,N/A,N/A,N/A,N/A,N/A,N/A,N/A,N/A,N/A,N/A,N/A,N/A,N/A,N/A,N/A,N/A,N/A,N/A,N/A,N/A,N/A
73,N/A,N/A,N/A,N/A,N/A,N/A,N/A,N/A,N/A,N/A,N/A,N/A,N/A,N/A,N/A,N/A,N/A,N/A,N/A,N/A,N/A,N/A,N/A,N/A,N/A,N/A,N/A,N/A,N/A,N/A,N/A,N/A,N/A,N/A,N/A,N/A,N/A,N/A,N/A,N/A,N/A,N/A,N/A,N/A,N/A,N/A,N/A,N/A,N/A,N/A,N/A,N/A,N/A,N/A,N/A,N/A,N/A,N/A,N/A,N/A,N/A,N/A,N/A,N/A,N/A,N/A,N/A,N/A,N/A,N/A,N/A,N/A,N/A,N/A,N/A,N/A,N/A,N/A,N/A,N/A,N/A,N/A,N/A,N/A,N/A,N/A,N/A,N/A,N/A,N/A,N/A,N/A,N/A,N/A,N/A,N/A,N/A,N/A,N/A,N/A,N/A,N/A,N/A,N/A
74,N/A,N/A,N/A,N/A,N/A,N/A,N/A,N/A,N/A,N/A,N/A,N/A,N/A,N/A,N/A,N/A,N/A,N/A,N/A,N/A,N/A,N/A,N/A,N/A,N/A,N/A,N/A,N/A,N/A,N/A,N/A,N/A,N/A,N/A,N/A,N/A,N/A,N/A,N/A,N/A,N/A,N/A,N/A,N/A,N/A,N/A,N/A,N/A,N/A,N/A,N/A,N/A,N/A,N/A,N/A,N/A,N/A,N/A,N/A,N/A,N/A,N/A,N/A,N/A,N/A,N/A,N/A,N/A,N/A,N/A,N/A,N/A,N/A,N/A,N/A,N/A,N/A,N/A,N/A,N/A,N/A,N/A,N/A,N/A,N/A,N/A,N/A,N/A,N/A,N/A,N/A,N/A,N/A,N/A,N/A,N/A,N/A,N/A,N/A,N/A,N/A,N/A,N/A,N/A
75,0.907971203327179,0.5295687913894653,0.0,0.6898958086967468,0.3156590163707733,0.6011114120483398,0.7833693623542786,0.0,0.49716463685035706,0.10290595889091492,0.4417077302932739,0.28692659735679626,0.5246361494064331,0.49439865350723267,0.5318163633346558,0.49242520332336426,0.11318889260292053,0.5418001413345337,0.4104686677455902,0.33438840508461,0.33503544330596924,0.5496172904968262,0.5205753445625305,0.1689106673002243,0.5361746549606323,0.527837872505188,0.15193001925945282,0.1755240261554718,0.6293724179267883,0.8172060251235962,0.8327109813690186,0.5166782736778259,0.7521446943283081,0.5684157609939575,0.29891228675842285,0.5221494436264038,0.6765005588531494,0.7767355442047119,0.39127928018569946,0.7680264711380005,0.5567921996116638,0.7516314387321472,0.8394534587860107,0.2913390100002289,0.6315944194793701,0.529845654964447,0.45270267128944397,0.20873144268989563,0.4549959897994995,0.33538728952407837,0.2121393233537674,0.170172780752182,0.4218016564846039,0.4835541844367981,0.3904256522655487,0.7374851107597351,0.6693481206893921,0.44065868854522705,0.5838223099708557,0.8465172648429871,0.0,0.41183599829673767,0.1764461100101471,0.4759179651737213,0.6543757915496826,0.6647207736968994,0.7478390336036682,0.4406467378139496,0.4538213610649109,0.07023320347070694,0.593427300453186,0.6508975625038147,0.7057793140411377,0.7834566831588745,0.0963001623749733,0.6713590025901794,0.4171832799911499,0.20574787259101868,0.6180173754692078,0.6700655221939087,0.5132770538330078,0.5026417374610901,0.7441800832748413,0.3417995274066925,0.8243930339813232,0.7990689277648926,0.0,0.877316951751709,0.7253684997558594,0.5434947609901428,0.5748636722564697,0.4861038327217102,0.6827304363250732,0.3997425436973572,0.5469807982444763,0.7847175598144531,0.7404332160949707,0.0,0.32887759804725647,0.6554638743400574,0.09793552756309509,0.23230604827404022,0.002200712915509939,0.045173414051532745
76,N/A,N/A,N/A,N/A,N/A,N/A,N/A,N/A,N/A,N/A,N/A,N/A,N/A,N/A,N/A,N/A,N/A,N/A,N/A,N/A,N/A,N/A,N/A,N/A,N/A,N/A,N/A,N/A,N/A,N/A,N/A,N/A,N/A,N/A,N/A,N/A,N/A,N/A,N/A,N/A,N/A,N/A,N/A,N/A,N/A,N/A,N/A,N/A,N/A,N/A,N/A,N/A,N/A,N/A,N/A,N/A,N/A,N/A,N/A,N/A,N/A,N/A,N/A,N/A,N/A,N/A,N/A,N/A,N/A,N/A,N/A,N/A,N/A,N/A,N/A,N/A,N/A,N/A,N/A,N/A,N/A,N/A,N/A,N/A,N/A,N/A,N/A,N/A,N/A,N/A,N/A,N/A,N/A,N/A,N/A,N/A,N/A,N/A,N/A,N/A,N/A,N/A,N/A,N/A
77,N/A,N/A,N/A,N/A,N/A,N/A,N/A,N/A,N/A,N/A,N/A,N/A,N/A,N/A,N/A,N/A,N/A,N/A,N/A,N/A,N/A,N/A,N/A,N/A,N/A,N/A,N/A,N/A,N/A,N/A,N/A,N/A,N/A,N/A,N/A,N/A,N/A,N/A,N/A,N/A,N/A,N/A,N/A,N/A,N/A,N/A,N/A,N/A,N/A,N/A,N/A,N/A,N/A,N/A,N/A,N/A,N/A,N/A,N/A,N/A,N/A,N/A,N/A,N/A,N/A,N/A,N/A,N/A,N/A,N/A,N/A,N/A,N/A,N/A,N/A,N/A,N/A,N/A,N/A,N/A,N/A,N/A,N/A,N/A,N/A,N/A,N/A,N/A,N/A,N/A,N/A,N/A,N/A,N/A,N/A,N/A,N/A,N/A,N/A,N/A,N/A,N/A,N/A,N/A
78,N/A,N/A,N/A,N/A,N/A,N/A,N/A,N/A,N/A,N/A,N/A,N/A,N/A,N/A,N/A,N/A,N/A,N/A,N/A,N/A,N/A,N/A,N/A,N/A,N/A,N/A,N/A,N/A,N/A,N/A,N/A,N/A,N/A,N/A,N/A,N/A,N/A,N/A,N/A,N/A,N/A,N/A,N/A,N/A,N/A,N/A,N/A,N/A,N/A,N/A,N/A,N/A,N/A,N/A,N/A,N/A,N/A,N/A,N/A,N/A,N/A,N/A,N/A,N/A,N/A,N/A,N/A,N/A,N/A,N/A,N/A,N/A,N/A,N/A,N/A,N/A,N/A,N/A,N/A,N/A,N/A,N/A,N/A,N/A,N/A,N/A,N/A,N/A,N/A,N/A,N/A,N/A,N/A,N/A,N/A,N/A,N/A,N/A,N/A,N/A,N/A,N/A,N/A,N/A
79,N/A,N/A,N/A,N/A,N/A,N/A,N/A,N/A,N/A,N/A,N/A,N/A,N/A,N/A,N/A,N/A,N/A,N/A,N/A,N/A,N/A,N/A,N/A,N/A,N/A,N/A,N/A,N/A,N/A,N/A,N/A,N/A,N/A,N/A,N/A,N/A,N/A,N/A,N/A,N/A,N/A,N/A,N/A,N/A,N/A,N/A,N/A,N/A,N/A,N/A,N/A,N/A,N/A,N/A,N/A,N/A,N/A,N/A,N/A,N/A,N/A,N/A,N/A,N/A,N/A,N/A,N/A,N/A,N/A,N/A,N/A,N/A,N/A,N/A,N/A,N/A,N/A,N/A,N/A,N/A,N/A,N/A,N/A,N/A,N/A,N/A,N/A,N/A,N/A,N/A,N/A,N/A,N/A,N/A,N/A,N/A,N/A,N/A,N/A,N/A,N/A,N/A,N/A,N/A
80,0.8988016247749329,0.5451368689537048,0.0,0.6702834963798523,0.31525301933288574,0.6139580011367798,0.827364444732666,0.0,0.5048604607582092,0.1473333239555359,0.38796547055244446,0.3131653368473053,0.5280166268348694,0.5233082175254822,0.5062068104743958,0.5248528122901917,0.06234588846564293,0.5926471948623657,0.4218009114265442,0.23884551227092743,0.4389006495475769,0.5564028024673462,0.5338136553764343,0.24048462510108948,0.5458419919013977,0.5456631183624268,0.15304772555828094,0.19762879610061646,0.6433490514755249,0.8196465969085693,0.8102938532829285,0.5356303453445435,0.7426448464393616,0.5800240635871887,0.29967084527015686,0.6684916019439697,0.6197404861450195,0.7243550419807434,0.39432841539382935,0.7794400453567505,0.5362576246261597,0.7081259489059448,0.8591252565383911,0.3071654736995697,0.6037048101425171,0.6393689513206482,0.4489770531654358,0.23565003275871277,0.4555440843105316,0.3400935232639313,0.2227707952260971,0.23703183233737946,0.3995674252510071,0.5067152380943298,0.40740349888801575,0.7534646987915039,0.6415557861328125,0.46860241889953613,0.5751820802688599,0.8404483795166016,0.0,0.2862091362476349,0.1536346822977066,0.5086432099342346,0.6378499865531921,0.6508663892745972,0.7456955313682556,0.46153995394706726,0.44827672839164734,0.047055017203092575,0.5914114117622375,0.5938568711280823,0.5522936582565308,0.7397864460945129,0.0,0.7121312022209167,0.3493310511112213,0.168966606259346,0.6962883472442627,0.6422165036201477,0.5217593908309937,0.3657814562320709,0.7011539340019226,0.32202088832855225,0.7872886061668396,0.800466001033783,0.0,0.8464605212211609,0.7183337807655334,0.5084809064865112,0.5278913378715515,0.4983447790145874,0.6119648814201355,0.4402522146701813,0.5534255504608154,0.7844517827033997,0.7428095936775208,0.0,0.2360510528087616,0.6810204982757568,0.09040627628564835,0.2766638994216919,0.0007605198188684881,0.04336714744567871
81,N/A,N/A,N/A,N/A,N/A,N/A,N/A,N/A,N/A,N/A,N/A,N/A,N/A,N/A,N/A,N/A,N/A,N/A,N/A,N/A,N/A,N/A,N/A,N/A,N/A,N/A,N/A,N/A,N/A,N/A,N/A,N/A,N/A,N/A,N/A,N/A,N/A,N/A,N/A,N/A,N/A,N/A,N/A,N/A,N/A,N/A,N/A,N/A,N/A,N/A,N/A,N/A,N/A,N/A,N/A,N/A,N/A,N/A,N/A,N/A,N/A,N/A,N/A,N/A,N/A,N/A,N/A,N/A,N/A,N/A,N/A,N/A,N/A,N/A,N/A,N/A,N/A,N/A,N/A,N/A,N/A,N/A,N/A,N/A,N/A,N/A,N/A,N/A,N/A,N/A,N/A,N/A,N/A,N/A,N/A,N/A,N/A,N/A,N/A,N/A,N/A,N/A,N/A,N/A
82,N/A,N/A,N/A,N/A,N/A,N/A,N/A,N/A,N/A,N/A,N/A,N/A,N/A,N/A,N/A,N/A,N/A,N/A,N/A,N/A,N/A,N/A,N/A,N/A,N/A,N/A,N/A,N/A,N/A,N/A,N/A,N/A,N/A,N/A,N/A,N/A,N/A,N/A,N/A,N/A,N/A,N/A,N/A,N/A,N/A,N/A,N/A,N/A,N/A,N/A,N/A,N/A,N/A,N/A,N/A,N/A,N/A,N/A,N/A,N/A,N/A,N/A,N/A,N/A,N/A,N/A,N/A,N/A,N/A,N/A,N/A,N/A,N/A,N/A,N/A,N/A,N/A,N/A,N/A,N/A,N/A,N/A,N/A,N/A,N/A,N/A,N/A,N/A,N/A,N/A,N/A,N/A,N/A,N/A,N/A,N/A,N/A,N/A,N/A,N/A,N/A,N/A,N/A,N/A
83,N/A,N/A,N/A,N/A,N/A,N/A,N/A,N/A,N/A,N/A,N/A,N/A,N/A,N/A,N/A,N/A,N/A,N/A,N/A,N/A,N/A,N/A,N/A,N/A,N/A,N/A,N/A,N/A,N/A,N/A,N/A,N/A,N/A,N/A,N/A,N/A,N/A,N/A,N/A,N/A,N/A,N/A,N/A,N/A,N/A,N/A,N/A,N/A,N/A,N/A,N/A,N/A,N/A,N/A,N/A,N/A,N/A,N/A,N/A,N/A,N/A,N/A,N/A,N/A,N/A,N/A,N/A,N/A,N/A,N/A,N/A,N/A,N/A,N/A,N/A,N/A,N/A,N/A,N/A,N/A,N/A,N/A,N/A,N/A,N/A,N/A,N/A,N/A,N/A,N/A,N/A,N/A,N/A,N/A,N/A,N/A,N/A,N/A,N/A,N/A,N/A,N/A,N/A,N/A
84,N/A,N/A,N/A,N/A,N/A,N/A,N/A,N/A,N/A,N/A,N/A,N/A,N/A,N/A,N/A,N/A,N/A,N/A,N/A,N/A,N/A,N/A,N/A,N/A,N/A,N/A,N/A,N/A,N/A,N/A,N/A,N/A,N/A,N/A,N/A,N/A,N/A,N/A,N/A,N/A,N/A,N/A,N/A,N/A,N/A,N/A,N/A,N/A,N/A,N/A,N/A,N/A,N/A,N/A,N/A,N/A,N/A,N/A,N/A,N/A,N/A,N/A,N/A,N/A,N/A,N/A,N/A,N/A,N/A,N/A,N/A,N/A,N/A,N/A,N/A,N/A,N/A,N/A,N/A,N/A,N/A,N/A,N/A,N/A,N/A,N/A,N/A,N/A,N/A,N/A,N/A,N/A,N/A,N/A,N/A,N/A,N/A,N/A,N/A,N/A,N/A,N/A,N/A,N/A
85,0.8970142602920532,0.5647648572921753,0.0,0.6634842157363892,0.2565680146217346,0.5883569717407227,0.7870797514915466,0.0,0.5041329860687256,0.13310547173023224,0.4421778917312622,0.3294111490249634,0.5135990977287292,0.5250231027603149,0.5239501595497131,0.4863508343696594,0.0629727765917778,0.5578912496566772,0.39164969325065613,0.37712129950523376,0.412028968334198,0.5127333402633667,0.5208092927932739,0.2525985538959503,0.5250603556632996,0.5256198644638062,0.15864768624305725,0.19178977608680725,0.6603795886039734,0.8302571177482605,0.8175452351570129,0.5394091606140137,0.7433011531829834,0.5645664930343628,0.2843725383281708,0.7090984582901001,0.6906072497367859,0.7438753247261047,0.3843871057033539,0.7747460603713989,0.5616559386253357,0.774764895439148,0.8633432984352112,0.28622162342071533,0.6221089959144592,0.5271016359329224,0.4489070177078247,0.22792097926139832,0.46073976159095764,0.30509814620018005,0.2201281636953354,0.20646744966506958,0.40672487020492554,0.503777801990509,0.38109415769577026,0.7347435355186462,0.6775583028793335,0.3948166072368622,0.5723985433578491,0.8393269181251526,0.0,0.3905318081378937,0.15288382768630981,0.4783874452114105,0.6491109132766724,0.6593772768974304,0.7237541079521179,0.45559394359588623,0.5122123956680298,0.07166891545057297,0.5909153819084167,0.600608766078949,0.695793628692627,0.7760710120201111,0.0,0.7333097457885742,0.38021865487098694,0.24266758561134338,0.6295151114463806,0.587785542011261,0.5244908928871155,0.4281231760978699,0.7242169380187988,0.32738256454467773,0.8125009536743164,0.8073022961616516,0.0,0.8561487197875977,0.7352237105369568,0.5350991487503052,0.5408820509910583,0.47675058245658875,0.6822501420974731,0.4540269374847412,0.5446951389312744,0.7904543280601501,0.7210384607315063,0.0,0.3229503333568573,0.6719472408294678,0.1389756202697754,0.2769692540168762,0.00040492211701348424,0.034973274916410446
86,N/A,N/A,N/A,N/A,N/A,N/A,N/A,N/A,N/A,N/A,N/A,N/A,N/A,N/A,N/A,N/A,N/A,N/A,N/A,N/A,N/A,N/A,N/A,N/A,N/A,N/A,N/A,N/A,N/A,N/A,N/A,N/A,N/A,N/A,N/A,N/A,N/A,N/A,N/A,N/A,N/A,N/A,N/A,N/A,N/A,N/A,N/A,N/A,N/A,N/A,N/A,N/A,N/A,N/A,N/A,N/A,N/A,N/A,N/A,N/A,N/A,N/A,N/A,N/A,N/A,N/A,N/A,N/A,N/A,N/A,N/A,N/A,N/A,N/A,N/A,N/A,N/A,N/A,N/A,N/A,N/A,N/A,N/A,N/A,N/A,N/A,N/A,N/A,N/A,N/A,N/A,N/A,N/A,N/A,N/A,N/A,N/A,N/A,N/A,N/A,N/A,N/A,N/A,N/A
87,N/A,N/A,N/A,N/A,N/A,N/A,N/A,N/A,N/A,N/A,N/A,N/A,N/A,N/A,N/A,N/A,N/A,N/A,N/A,N/A,N/A,N/A,N/A,N/A,N/A,N/A,N/A,N/A,N/A,N/A,N/A,N/A,N/A,N/A,N/A,N/A,N/A,N/A,N/A,N/A,N/A,N/A,N/A,N/A,N/A,N/A,N/A,N/A,N/A,N/A,N/A,N/A,N/A,N/A,N/A,N/A,N/A,N/A,N/A,N/A,N/A,N/A,N/A,N/A,N/A,N/A,N/A,N/A,N/A,N/A,N/A,N/A,N/A,N/A,N/A,N/A,N/A,N/A,N/A,N/A,N/A,N/A,N/A,N/A,N/A,N/A,N/A,N/A,N/A,N/A,N/A,N/A,N/A,N/A,N/A,N/A,N/A,N/A,N/A,N/A,N/A,N/A,N/A,N/A
88,N/A,N/A,N/A,N/A,N/A,N/A,N/A,N/A,N/A,N/A,N/A,N/A,N/A,N/A,N/A,N/A,N/A,N/A,N/A,N/A,N/A,N/A,N/A,N/A,N/A,N/A,N/A,N/A,N/A,N/A,N/A,N/A,N/A,N/A,N/A,N/A,N/A,N/A,N/A,N/A,N/A,N/A,N/A,N/A,N/A,N/A,N/A,N/A,N/A,N/A,N/A,N/A,N/A,N/A,N/A,N/A,N/A,N/A,N/A,N/A,N/A,N/A,N/A,N/A,N/A,N/A,N/A,N/A,N/A,N/A,N/A,N/A,N/A,N/A,N/A,N/A,N/A,N/A,N/A,N/A,N/A,N/A,N/A,N/A,N/A,N/A,N/A,N/A,N/A,N/A,N/A,N/A,N/A,N/A,N/A,N/A,N/A,N/A,N/A,N/A,N/A,N/A,N/A,N/A
89,N/A,N/A,N/A,N/A,N/A,N/A,N/A,N/A,N/A,N/A,N/A,N/A,N/A,N/A,N/A,N/A,N/A,N/A,N/A,N/A,N/A,N/A,N/A,N/A,N/A,N/A,N/A,N/A,N/A,N/A,N/A,N/A,N/A,N/A,N/A,N/A,N/A,N/A,N/A,N/A,N/A,N/A,N/A,N/A,N/A,N/A,N/A,N/A,N/A,N/A,N/A,N/A,N/A,N/A,N/A,N/A,N/A,N/A,N/A,N/A,N/A,N/A,N/A,N/A,N/A,N/A,N/A,N/A,N/A,N/A,N/A,N/A,N/A,N/A,N/A,N/A,N/A,N/A,N/A,N/A,N/A,N/A,N/A,N/A,N/A,N/A,N/A,N/A,N/A,N/A,N/A,N/A,N/A,N/A,N/A,N/A,N/A,N/A,N/A,N/A,N/A,N/A,N/A,N/A
90,0.901330828666687,0.5484742522239685,0.0,0.6633468270301819,0.21256589889526367,0.6127457022666931,0.8007887601852417,0.0,0.4938138723373413,0.1529272198677063,0.46455463767051697,0.31336522102355957,0.5204035043716431,0.5364757180213928,0.5284478068351746,0.4965387284755707,0.09471479058265686,0.5578606724739075,0.37524810433387756,0.37854090332984924,0.45521172881126404,0.524084746837616,0.5145058631896973,0.14835233986377716,0.5616336464881897,0.5367627739906311,0.17919805645942688,0.18385688960552216,0.6481120586395264,0.8162872195243835,0.8335914611816406,0.5120272636413574,0.7655409574508667,0.5723934173583984,0.28623005747795105,0.714381217956543,0.6673119068145752,0.759221613407135,0.38966795802116394,0.7808489799499512,0.5406649708747864,0.7372738718986511,0.848387598991394,0.2642320692539215,0.6008878946304321,0.5659688115119934,0.4554119408130646,0.18185436725616455,0.4574066400527954,0.3004508912563324,0.2386329472064972,0.2478102296590805,0.4080663323402405,0.49794045090675354,0.3885412812232971,0.7402531504631042,0.6806268692016602,0.42633509635925293,0.5997960567474365,0.8296300768852234,0.0,0.36980581283569336,0.15617750585079193,0.49491897225379944,0.6719061136245728,0.6760993003845215,0.7412580847740173,0.4416883587837219,0.5033048391342163,0.13576339185237885,0.5876029133796692,0.659497082233429,0.6487402319908142,0.7647982835769653,0.0,0.695717453956604,0.3873991072177887,0.23932600021362305,0.6631220579147339,0.645416796207428,0.5094002485275269,0.6194949150085449,0.7516770362854004,0.3290438652038574,0.8086049556732178,0.8062406182289124,0.0,0.8520656228065491,0.72086101770401,0.536988377571106,0.5337823629379272,0.43453070521354675,0.7010064125061035,0.4670395851135254,0.545259416103363,0.7987403869628906,0.7146435379981995,0.0,0.314204603433609,0.5740112662315369,0.14799639582633972,0.24180544912815094,0.0,0.026938140392303467
91,N/A,N/A,N/A,N/A,N/A,N/A,N/A,N/A,N/A,N/A,N/A,N/A,N/A,N/A,N/A,N/A,N/A,N/A,N/A,N/A,N/A,N/A,N/A,N/A,N/A,N/A,N/A,N/A,N/A,N/A,N/A,N/A,N/A,N/A,N/A,N/A,N/A,N/A,N/A,N/A,N/A,N/A,N/A,N/A,N/A,N/A,N/A,N/A,N/A,N/A,N/A,N/A,N/A,N/A,N/A,N/A,N/A,N/A,N/A,N/A,N/A,N/A,N/A,N/A,N/A,N/A,N/A,N/A,N/A,N/A,N/A,N/A,N/A,N/A,N/A,N/A,N/A,N/A,N/A,N/A,N/A,N/A,N/A,N/A,N/A,N/A,N/A,N/A,N/A,N/A,N/A,N/A,N/A,N/A,N/A,N/A,N/A,N/A,N/A,N/A,N/A,N/A,N/A,N/A
92,N/A,N/A,N/A,N/A,N/A,N/A,N/A,N/A,N/A,N/A,N/A,N/A,N/A,N/A,N/A,N/A,N/A,N/A,N/A,N/A,N/A,N/A,N/A,N/A,N/A,N/A,N/A,N/A,N/A,N/A,N/A,N/A,N/A,N/A,N/A,N/A,N/A,N/A,N/A,N/A,N/A,N/A,N/A,N/A,N/A,N/A,N/A,N/A,N/A,N/A,N/A,N/A,N/A,N/A,N/A,N/A,N/A,N/A,N/A,N/A,N/A,N/A,N/A,N/A,N/A,N/A,N/A,N/A,N/A,N/A,N/A,N/A,N/A,N/A,N/A,N/A,N/A,N/A,N/A,N/A,N/A,N/A,N/A,N/A,N/A,N/A,N/A,N/A,N/A,N/A,N/A,N/A,N/A,N/A,N/A,N/A,N/A,N/A,N/A,N/A,N/A,N/A,N/A,N/A
93,N/A,N/A,N/A,N/A,N/A,N/A,N/A,N/A,N/A,N/A,N/A,N/A,N/A,N/A,N/A,N/A,N/A,N/A,N/A,N/A,N/A,N/A,N/A,N/A,N/A,N/A,N/A,N/A,N/A,N/A,N/A,N/A,N/A,N/A,N/A,N/A,N/A,N/A,N/A,N/A,N/A,N/A,N/A,N/A,N/A,N/A,N/A,N/A,N/A,N/A,N/A,N/A,N/A,N/A,N/A,N/A,N/A,N/A,N/A,N/A,N/A,N/A,N/A,N/A,N/A,N/A,N/A,N/A,N/A,N/A,N/A,N/A,N/A,N/A,N/A,N/A,N/A,N/A,N/A,N/A,N/A,N/A,N/A,N/A,N/A,N/A,N/A,N/A,N/A,N/A,N/A,N/A,N/A,N/A,N/A,N/A,N/A,N/A,N/A,N/A,N/A,N/A,N/A,N/A
94,N/A,N/A,N/A,N/A,N/A,N/A,N/A,N/A,N/A,N/A,N/A,N/A,N/A,N/A,N/A,N/A,N/A,N/A,N/A,N/A,N/A,N/A,N/A,N/A,N/A,N/A,N/A,N/A,N/A,N/A,N/A,N/A,N/A,N/A,N/A,N/A,N/A,N/A,N/A,N/A,N/A,N/A,N/A,N/A,N/A,N/A,N/A,N/A,N/A,N/A,N/A,N/A,N/A,N/A,N/A,N/A,N/A,N/A,N/A,N/A,N/A,N/A,N/A,N/A,N/A,N/A,N/A,N/A,N/A,N/A,N/A,N/A,N/A,N/A,N/A,N/A,N/A,N/A,N/A,N/A,N/A,N/A,N/A,N/A,N/A,N/A,N/A,N/A,N/A,N/A,N/A,N/A,N/A,N/A,N/A,N/A,N/A,N/A,N/A,N/A,N/A,N/A,N/A,N/A
95,0.9080601334571838,0.5291057825088501,0.0,0.6622375249862671,0.22038409113883972,0.5696911811828613,0.7454212307929993,0.0,0.5185055732727051,0.1279783397912979,0.47108522057533264,0.3305310904979706,0.5156914591789246,0.524557888507843,0.5536741018295288,0.49090349674224854,0.09472804516553879,0.5613617897033691,0.4633302390575409,0.25586560368537903,0.4032200276851654,0.5050774216651917,0.5268903970718384,0.0842333659529686,0.567168116569519,0.5232933759689331,0.2236785739660263,0.25476786494255066,0.6656465530395508,0.8164967894554138,0.8198741674423218,0.5523072481155396,0.7732105255126953,0.5776642560958862,0.3327495753765106,0.6951699256896973,0.6057080626487732,0.7570866942405701,0.4289931058883667,0.7027453780174255,0.526267409324646,0.7482727766036987,0.885467529296875,0.2835492193698883,0.6369855403900146,0.5483997464179993,0.4433445334434509,0.22395901381969452,0.46598532795906067,0.3022990822792053,0.2408331036567688,0.2599823772907257,0.4268805980682373,0.5115474462509155,0.33974260091781616,0.7543516159057617,0.6868414282798767,0.44265928864479065,0.5990450382232666,0.8462859392166138,0.0,0.3525261878967285,0.18587763607501984,0.48251962661743164,0.6422494649887085,0.6565909385681152,0.7578755617141724,0.4384748637676239,0.49601849913597107,0.0772545337677002,0.5996402502059937,0.6019576191902161,0.646544337272644,0.7854217886924744,0.0,0.7226686477661133,0.34778451919555664,0.2136872410774231,0.6152148246765137,0.6107412576675415,0.5229946374893188,0.49734508991241455,0.7312353253364563,0.34342026710510254,0.8028552532196045,0.7822549343109131,0.0,0.8557081818580627,0.7368409037590027,0.5390173196792603,0.5257551074028015,0.4669845700263977,0.6822835803031921,0.45813801884651184,0.535374104976654,0.7832761406898499,0.7220925688743591,0.0,0.2861073315143585,0.647093653678894,0.191021129488945,0.2610865831375122,0.0012188018299639225,0.024204393848776817
96,N/A,N/A,N/A,N/A,N/A,N/A,N/A,N/A,N/A,N/A,N/A,N/A,N/A,N/A,N/A,N/A,N/A,N/A,N/A,N/A,N/A,N/A,N/A,N/A,N/A,N/A,N/A,N/A,N/A,N/A,N/A,N/A,N/A,N/A,N/A,N/A,N/A,N/A,N/A,N/A,N/A,N/A,N/A,N/A,N/A,N/A,N/A,N/A,N/A,N/A,N/A,N/A,N/A,N/A,N/A,N/A,N/A,N/A,N/A,N/A,N/A,N/A,N/A,N/A,N/A,N/A,N/A,N/A,N/A,N/A,N/A,N/A,N/A,N/A,N/A,N/A,N/A,N/A,N/A,N/A,N/A,N/A,N/A,N/A,N/A,N/A,N/A,N/A,N/A,N/A,N/A,N/A,N/A,N/A,N/A,N/A,N/A,N/A,N/A,N/A,N/A,N/A,N/A,N/A
97,N/A,N/A,N/A,N/A,N/A,N/A,N/A,N/A,N/A,N/A,N/A,N/A,N/A,N/A,N/A,N/A,N/A,N/A,N/A,N/A,N/A,N/A,N/A,N/A,N/A,N/A,N/A,N/A,N/A,N/A,N/A,N/A,N/A,N/A,N/A,N/A,N/A,N/A,N/A,N/A,N/A,N/A,N/A,N/A,N/A,N/A,N/A,N/A,N/A,N/A,N/A,N/A,N/A,N/A,N/A,N/A,N/A,N/A,N/A,N/A,N/A,N/A,N/A,N/A,N/A,N/A,N/A,N/A,N/A,N/A,N/A,N/A,N/A,N/A,N/A,N/A,N/A,N/A,N/A,N/A,N/A,N/A,N/A,N/A,N/A,N/A,N/A,N/A,N/A,N/A,N/A,N/A,N/A,N/A,N/A,N/A,N/A,N/A,N/A,N/A,N/A,N/A,N/A,N/A
98,N/A,N/A,N/A,N/A,N/A,N/A,N/A,N/A,N/A,N/A,N/A,N/A,N/A,N/A,N/A,N/A,N/A,N/A,N/A,N/A,N/A,N/A,N/A,N/A,N/A,N/A,N/A,N/A,N/A,N/A,N/A,N/A,N/A,N/A,N/A,N/A,N/A,N/A,N/A,N/A,N/A,N/A,N/A,N/A,N/A,N/A,N/A,N/A,N/A,N/A,N/A,N/A,N/A,N/A,N/A,N/A,N/A,N/A,N/A,N/A,N/A,N/A,N/A,N/A,N/A,N/A,N/A,N/A,N/A,N/A,N/A,N/A,N/A,N/A,N/A,N/A,N/A,N/A,N/A,N/A,N/A,N/A,N/A,N/A,N/A,N/A,N/A,N/A,N/A,N/A,N/A,N/A,N/A,N/A,N/A,N/A,N/A,N/A,N/A,N/A,N/A,N/A,N/A,N/A
99,N/A,N/A,N/A,N/A,N/A,N/A,N/A,N/A,N/A,N/A,N/A,N/A,N/A,N/A,N/A,N/A,N/A,N/A,N/A,N/A,N/A,N/A,N/A,N/A,N/A,N/A,N/A,N/A,N/A,N/A,N/A,N/A,N/A,N/A,N/A,N/A,N/A,N/A,N/A,N/A,N/A,N/A,N/A,N/A,N/A,N/A,N/A,N/A,N/A,N/A,N/A,N/A,N/A,N/A,N/A,N/A,N/A,N/A,N/A,N/A,N/A,N/A,N/A,N/A,N/A,N/A,N/A,N/A,N/A,N/A,N/A,N/A,N/A,N/A,N/A,N/A,N/A,N/A,N/A,N/A,N/A,N/A,N/A,N/A,N/A,N/A,N/A,N/A,N/A,N/A,N/A,N/A,N/A,N/A,N/A,N/A,N/A,N/A,N/A,N/A,N/A,N/A,N/A,N/A
100,0.901199221611023,0.5579476952552795,0.0,0.6304706931114197,0.23592223227024078,0.5872576832771301,0.7532093524932861,0.0,0.5087193846702576,0.13187965750694275,0.44679394364356995,0.3283604383468628,0.46946048736572266,0.5328763127326965,0.5172248482704163,0.3724333345890045,0.07416600733995438,0.5506449341773987,0.4394552707672119,0.2945334315299988,0.46941059827804565,0.443694531917572,0.4836898744106293,0.2976422607898712,0.5696726441383362,0.5070902705192566,0.20299512147903442,0.2238621860742569,0.655210554599762,0.8159707188606262,0.8079966306686401,0.5249441862106323,0.772834837436676,0.5690750479698181,0.33673858642578125,0.7060618996620178,0.6222586631774902,0.7490986585617065,0.41880759596824646,0.7230699062347412,0.5628284215927124,0.7639154195785522,0.8383090496063232,0.24668440222740173,0.6050874590873718,0.5615848302841187,0.47339314222335815,0.19981487095355988,0.47534289956092834,0.303872287273407,0.2141343206167221,0.24262593686580658,0.41028454899787903,0.462316632270813,0.37567853927612305,0.7586304545402527,0.675888180732727,0.4551193118095398,0.5802902579307556,0.8392298221588135,0.0,0.3770310878753662,0.18037888407707214,0.4975644648075104,0.6200176477432251,0.6528096795082092,0.7387501001358032,0.4586056172847748,0.48590031266212463,0.07816141843795776,0.6100077033042908,0.6175224781036377,0.7126095294952393,0.7681934237480164,0.0,0.7105685472488403,0.3850223124027252,0.22496822476387024,0.6244153380393982,0.6184739470481873,0.5104023814201355,0.462160587310791,0.73152756690979,0.3118789792060852,0.8077065944671631,0.797295093536377,0.0,0.869308590888977,0.7257262468338013,0.5162959694862366,0.5628252625465393,0.4527616798877716,0.6245667934417725,0.44894832372665405,0.5540735125541687,0.764580488204956,0.7474140524864197,0.0,0.31733858585357666,0.6790426969528198,0.20345427095890045,0.2585689425468445,0.006281612440943718,0.024999195709824562
101,N/A,N/A,N/A,N/A,N/A,N/A,N/A,N/A,N/A,N/A,N/A,N/A,N/A,N/A,N/A,N/A,N/A,N/A,N/A,N/A,N/A,N/A,N/A,N/A,N/A,N/A,N/A,N/A,N/A,N/A,N/A,N/A,N/A,N/A,N/A,N/A,N/A,N/A,N/A,N/A,N/A,N/A,N/A,N/A,N/A,N/A,N/A,N/A,N/A,N/A,N/A,N/A,N/A,N/A,N/A,N/A,N/A,N/A,N/A,N/A,N/A,N/A,N/A,N/A,N/A,N/A,N/A,N/A,N/A,N/A,N/A,N/A,N/A,N/A,N/A,N/A,N/A,N/A,N/A,N/A,N/A,N/A,N/A,N/A,N/A,N/A,N/A,N/A,N/A,N/A,N/A,N/A,N/A,N/A,N/A,N/A,N/A,N/A,N/A,N/A,N/A,N/A,N/A,N/A
102,N/A,N/A,N/A,N/A,N/A,N/A,N/A,N/A,N/A,N/A,N/A,N/A,N/A,N/A,N/A,N/A,N/A,N/A,N/A,N/A,N/A,N/A,N/A,N/A,N/A,N/A,N/A,N/A,N/A,N/A,N/A,N/A,N/A,N/A,N/A,N/A,N/A,N/A,N/A,N/A,N/A,N/A,N/A,N/A,N/A,N/A,N/A,N/A,N/A,N/A,N/A,N/A,N/A,N/A,N/A,N/A,N/A,N/A,N/A,N/A,N/A,N/A,N/A,N/A,N/A,N/A,N/A,N/A,N/A,N/A,N/A,N/A,N/A,N/A,N/A,N/A,N/A,N/A,N/A,N/A,N/A,N/A,N/A,N/A,N/A,N/A,N/A,N/A,N/A,N/A,N/A,N/A,N/A,N/A,N/A,N/A,N/A,N/A,N/A,N/A,N/A,N/A,N/A,N/A
103,N/A,N/A,N/A,N/A,N/A,N/A,N/A,N/A,N/A,N/A,N/A,N/A,N/A,N/A,N/A,N/A,N/A,N/A,N/A,N/A,N/A,N/A,N/A,N/A,N/A,N/A,N/A,N/A,N/A,N/A,N/A,N/A,N/A,N/A,N/A,N/A,N/A,N/A,N/A,N/A,N/A,N/A,N/A,N/A,N/A,N/A,N/A,N/A,N/A,N/A,N/A,N/A,N/A,N/A,N/A,N/A,N/A,N/A,N/A,N/A,N/A,N/A,N/A,N/A,N/A,N/A,N/A,N/A,N/A,N/A,N/A,N/A,N/A,N/A,N/A,N/A,N/A,N/A,N/A,N/A,N/A,N/A,N/A,N/A,N/A,N/A,N/A,N/A,N/A,N/A,N/A,N/A,N/A,N/A,N/A,N/A,N/A,N/A,N/A,N/A,N/A,N/A,N/A,N/A
104,N/A,N/A,N/A,N/A,N/A,N/A,N/A,N/A,N/A,N/A,N/A,N/A,N/A,N/A,N/A,N/A,N/A,N/A,N/A,N/A,N/A,N/A,N/A,N/A,N/A,N/A,N/A,N/A,N/A,N/A,N/A,N/A,N/A,N/A,N/A,N/A,N/A,N/A,N/A,N/A,N/A,N/A,N/A,N/A,N/A,N/A,N/A,N/A,N/A,N/A,N/A,N/A,N/A,N/A,N/A,N/A,N/A,N/A,N/A,N/A,N/A,N/A,N/A,N/A,N/A,N/A,N/A,N/A,N/A,N/A,N/A,N/A,N/A,N/A,N/A,N/A,N/A,N/A,N/A,N/A,N/A,N/A,N/A,N/A,N/A,N/A,N/A,N/A,N/A,N/A,N/A,N/A,N/A,N/A,N/A,N/A,N/A,N/A,N/A,N/A,N/A,N/A,N/A,N/A
105,0.9110193252563477,0.5496274828910828,0.0,0.6436184048652649,0.2179107367992401,0.5734463930130005,0.7851871848106384,0.0,0.4940098822116852,0.15003883838653564,0.45011597871780396,0.31632179021835327,0.5269057154655457,0.5293116569519043,0.5435189604759216,0.4430948495864868,0.06899280846118927,0.5771056413650513,0.33476918935775757,0.2777559161186218,0.44806599617004395,0.4707639515399933,0.5407761335372925,0.03604414314031601,0.5056994557380676,0.5406596064567566,0.2087613046169281,0.23775126039981842,0.6608915328979492,0.8369551301002502,0.8343772888183594,0.5364087224006653,0.7871692776679993,0.5806335210800171,0.30860239267349243,0.7106091380119324,0.6429786682128906,0.7572705745697021,0.36869290471076965,0.7597196698188782,0.5402430891990662,0.739183247089386,0.8626697659492493,0.28926578164100647,0.6066862344741821,0.5707934498786926,0.45806729793548584,0.1824643313884735,0.4666767120361328,0.30823639035224915,0.23957356810569763,0.2461833953857422,0.4242936372756958,0.46814918518066406,0.38132986426353455,0.7391987442970276,0.6635758280754089,0.4331759214401245,0.5899807214736938,0.839026689529419,0.0,0.3293720483779907,0.1687105894088745,0.44746237993240356,0.6458356380462646,0.6598882675170898,0.747988760471344,0.4368821680545807,0.4790288209915161,0.06789257377386093,0.591378390789032,0.6080507040023804,0.7247812747955322,0.7857303619384766,0.0,0.7100421190261841,0.3580304980278015,0.22533565759658813,0.561363935470581,0.640335202217102,0.5257329940795898,0.5841898322105408,0.7400301694869995,0.30590692162513733,0.8254565596580505,0.7667018175125122,0.0,0.8620700240135193,0.7514764666557312,0.5447095632553101,0.540656566619873,0.47717341780662537,0.684236466884613,0.44832879304885864,0.5718410015106201,0.8006250262260437,0.7487797737121582,0.0,0.2922719419002533,0.645667552947998,0.1792977750301361,0.2521510422229767,0.0,0.027774140238761902
106,N/A,N/A,N/A,N/A,N/A,N/A,N/A,N/A,N/A,N/A,N/A,N/A,N/A,N/A,N/A,N/A,N/A,N/A,N/A,N/A,N/A,N/A,N/A,N/A,N/A,N/A,N/A,N/A,N/A,N/A,N/A,N/A,N/A,N/A,N/A,N/A,N/A,N/A,N/A,N/A,N/A,N/A,N/A,N/A,N/A,N/A,N/A,N/A,N/A,N/A,N/A,N/A,N/A,N/A,N/A,N/A,N/A,N/A,N/A,N/A,N/A,N/A,N/A,N/A,N/A,N/A,N/A,N/A,N/A,N/A,N/A,N/A,N/A,N/A,N/A,N/A,N/A,N/A,N/A,N/A,N/A,N/A,N/A,N/A,N/A,N/A,N/A,N/A,N/A,N/A,N/A,N/A,N/A,N/A,N/A,N/A,N/A,N/A,N/A,N/A,N/A,N/A,N/A,N/A
107,N/A,N/A,N/A,N/A,N/A,N/A,N/A,N/A,N/A,N/A,N/A,N/A,N/A,N/A,N/A,N/A,N/A,N/A,N/A,N/A,N/A,N/A,N/A,N/A,N/A,N/A,N/A,N/A,N/A,N/A,N/A,N/A,N/A,N/A,N/A,N/A,N/A,N/A,N/A,N/A,N/A,N/A,N/A,N/A,N/A,N/A,N/A,N/A,N/A,N/A,N/A,N/A,N/A,N/A,N/A,N/A,N/A,N/A,N/A,N/A,N/A,N/A,N/A,N/A,N/A,N/A,N/A,N/A,N/A,N/A,N/A,N/A,N/A,N/A,N/A,N/A,N/A,N/A,N/A,N/A,N/A,N/A,N/A,N/A,N/A,N/A,N/A,N/A,N/A,N/A,N/A,N/A,N/A,N/A,N/A,N/A,N/A,N/A,N/A,N/A,N/A,N/A,N/A,N/A
108,N/A,N/A,N/A,N/A,N/A,N/A,N/A,N/A,N/A,N/A,N/A,N/A,N/A,N/A,N/A,N/A,N/A,N/A,N/A,N/A,N/A,N/A,N/A,N/A,N/A,N/A,N/A,N/A,N/A,N/A,N/A,N/A,N/A,N/A,N/A,N/A,N/A,N/A,N/A,N/A,N/A,N/A,N/A,N/A,N/A,N/A,N/A,N/A,N/A,N/A,N/A,N/A,N/A,N/A,N/A,N/A,N/A,N/A,N/A,N/A,N/A,N/A,N/A,N/A,N/A,N/A,N/A,N/A,N/A,N/A,N/A,N/A,N/A,N/A,N/A,N/A,N/A,N/A,N/A,N/A,N/A,N/A,N/A,N/A,N/A,N/A,N/A,N/A,N/A,N/A,N/A,N/A,N/A,N/A,N/A,N/A,N/A,N/A,N/A,N/A,N/A,N/A,N/A,N/A
109,N/A,N/A,N/A,N/A,N/A,N/A,N/A,N/A,N/A,N/A,N/A,N/A,N/A,N/A,N/A,N/A,N/A,N/A,N/A,N/A,N/A,N/A,N/A,N/A,N/A,N/A,N/A,N/A,N/A,N/A,N/A,N/A,N/A,N/A,N/A,N/A,N/A,N/A,N/A,N/A,N/A,N/A,N/A,N/A,N/A,N/A,N/A,N/A,N/A,N/A,N/A,N/A,N/A,N/A,N/A,N/A,N/A,N/A,N/A,N/A,N/A,N/A,N/A,N/A,N/A,N/A,N/A,N/A,N/A,N/A,N/A,N/A,N/A,N/A,N/A,N/A,N/A,N/A,N/A,N/A,N/A,N/A,N/A,N/A,N/A,N/A,N/A,N/A,N/A,N/A,N/A,N/A,N/A,N/A,N/A,N/A,N/A,N/A,N/A,N/A,N/A,N/A,N/A,N/A
110,0.9097466468811035,0.5494797825813293,0.0,0.6522061824798584,0.2673526108264923,0.5789026021957397,0.7599733471870422,0.0,0.5162695050239563,0.14442479610443115,0.4634096026420593,0.36173588037490845,0.5262442827224731,0.5680623054504395,0.536522388458252,0.4955107867717743,0.09259006381034851,0.5804539918899536,0.4374066889286041,0.3138788342475891,0.4117678105831146,0.4589686095714569,0.5418057441711426,0.18108655512332916,0.5505967140197754,0.5372169017791748,0.27254819869995117,0.22286322712898254,0.6550984382629395,0.835259199142456,0.8253374695777893,0.5623524188995361,0.7659881711006165,0.5901361703872681,0.24243836104869843,0.7061128616333008,0.6129721999168396,0.7617080211639404,0.36911869049072266,0.8057321906089783,0.5249500870704651,0.732059121131897,0.8766074776649475,0.27152717113494873,0.622912585735321,0.5471838116645813,0.46082815527915955,0.21335774660110474,0.46403661370277405,0.31281283497810364,0.22052162885665894,0.23258788883686066,0.41182348132133484,0.46344801783561707,0.3932371437549591,0.7658543586730957,0.6825704574584961,0.47318583726882935,0.5907031893730164,0.8452426791191101,0.0,0.382634699344635,0.16369569301605225,0.47903361916542053,0.6628684401512146,0.6693559885025024,0.7470565438270569,0.4488897919654846,0.44243067502975464,0.0551186203956604,0.6052255034446716,0.5947162508964539,0.7243386507034302,0.7776052355766296,0.0,0.6770322322845459,0.36091604828834534,0.20975710451602936,0.6338428258895874,0.6584221124649048,0.5239907503128052,0.5004474520683289,0.7415609359741211,0.31944116950035095,0.818601667881012,0.7831472754478455,0.0,0.8789355754852295,0.7299066185951233,0.5428821444511414,0.533939778804779,0.48079386353492737,0.675657331943512,0.4553302526473999,0.5180470943450928,0.8049602508544922,0.7396399974822998,0.0,0.3300844430923462,0.5169229507446289,0.12176237255334854,0.24918393790721893,0.0,0.026691019535064697
111,N/A,N/A,N/A,N/A,N/A,N/A,N/A,N/A,N/A,N/A,N/A,N/A,N/A,N/A,N/A,N/A,N/A,N/A,N/A,N/A,N/A,N/A,N/A,N/A,N/A,N/A,N/A,N/A,N/A,N/A,N/A,N/A,N/A,N/A,N/A,N/A,N/A,N/A,N/A,N/A,N/A,N/A,N/A,N/A,N/A,N/A,N/A,N/A,N/A,N/A,N/A,N/A,N/A,N/A,N/A,N/A,N/A,N/A,N/A,N/A,N/A,N/A,N/A,N/A,N/A,N/A,N/A,N/A,N/A,N/A,N/A,N/A,N/A,N/A,N/A,N/A,N/A,N/A,N/A,N/A,N/A,N/A,N/A,N/A,N/A,N/A,N/A,N/A,N/A,N/A,N/A,N/A,N/A,N/A,N/A,N/A,N/A,N/A,N/A,N/A,N/A,N/A,N/A,N/A
112,N/A,N/A,N/A,N/A,N/A,N/A,N/A,N/A,N/A,N/A,N/A,N/A,N/A,N/A,N/A,N/A,N/A,N/A,N/A,N/A,N/A,N/A,N/A,N/A,N/A,N/A,N/A,N/A,N/A,N/A,N/A,N/A,N/A,N/A,N/A,N/A,N/A,N/A,N/A,N/A,N/A,N/A,N/A,N/A,N/A,N/A,N/A,N/A,N/A,N/A,N/A,N/A,N/A,N/A,N/A,N/A,N/A,N/A,N/A,N/A,N/A,N/A,N/A,N/A,N/A,N/A,N/A,N/A,N/A,N/A,N/A,N/A,N/A,N/A,N/A,N/A,N/A,N/A,N/A,N/A,N/A,N/A,N/A,N/A,N/A,N/A,N/A,N/A,N/A,N/A,N/A,N/A,N/A,N/A,N/A,N/A,N/A,N/A,N/A,N/A,N/A,N/A,N/A,N/A
113,N/A,N/A,N/A,N/A,N/A,N/A,N/A,N/A,N/A,N/A,N/A,N/A,N/A,N/A,N/A,N/A,N/A,N/A,N/A,N/A,N/A,N/A,N/A,N/A,N/A,N/A,N/A,N/A,N/A,N/A,N/A,N/A,N/A,N/A,N/A,N/A,N/A,N/A,N/A,N/A,N/A,N/A,N/A,N/A,N/A,N/A,N/A,N/A,N/A,N/A,N/A,N/A,N/A,N/A,N/A,N/A,N/A,N/A,N/A,N/A,N/A,N/A,N/A,N/A,N/A,N/A,N/A,N/A,N/A,N/A,N/A,N/A,N/A,N/A,N/A,N/A,N/A,N/A,N/A,N/A,N/A,N/A,N/A,N/A,N/A,N/A,N/A,N/A,N/A,N/A,N/A,N/A,N/A,N/A,N/A,N/A,N/A,N/A,N/A,N/A,N/A,N/A,N/A,N/A
114,N/A,N/A,N/A,N/A,N/A,N/A,N/A,N/A,N/A,N/A,N/A,N/A,N/A,N/A,N/A,N/A,N/A,N/A,N/A,N/A,N/A,N/A,N/A,N/A,N/A,N/A,N/A,N/A,N/A,N/A,N/A,N/A,N/A,N/A,N/A,N/A,N/A,N/A,N/A,N/A,N/A,N/A,N/A,N/A,N/A,N/A,N/A,N/A,N/A,N/A,N/A,N/A,N/A,N/A,N/A,N/A,N/A,N/A,N/A,N/A,N/A,N/A,N/A,N/A,N/A,N/A,N/A,N/A,N/A,N/A,N/A,N/A,N/A,N/A,N/A,N/A,N/A,N/A,N/A,N/A,N/A,N/A,N/A,N/A,N/A,N/A,N/A,N/A,N/A,N/A,N/A,N/A,N/A,N/A,N/A,N/A,N/A,N/A,N/A,N/A,N/A,N/A,N/A,N/A
115,0.9028220176696777,0.5385560393333435,0.0,0.6776458024978638,0.2381058931350708,0.5918172597885132,0.7922888398170471,0.0,0.5135007500648499,0.14669504761695862,0.457285076379776,0.32476210594177246,0.5186580419540405,0.5394647121429443,0.5372292399406433,0.5100406408309937,0.09881430864334106,0.5583176016807556,0.3687182366847992,0.310136616230011,0.4431464970111847,0.4178924262523651,0.49023735523223877,0.17891386151313782,0.5575696229934692,0.5390036702156067,0.1977180391550064,0.21233215928077698,0.6572710871696472,0.8237964510917664,0.8228331208229065,0.5458905100822449,0.7808812260627747,0.5821201801300049,0.26498082280158997,0.6966665387153625,0.5883042812347412,0.7647930383682251,0.3946121037006378,0.729270339012146,0.5187081098556519,0.7672112584114075,0.8449456095695496,0.2769908905029297,0.6147375702857971,0.51887047290802,0.4631967842578888,0.20677803456783295,0.4735400974750519,0.291017085313797,0.23104926943778992,0.2076113373041153,0.427223265171051,0.4789217412471771,0.36069145798683167,0.7462285161018372,0.6984874606132507,0.4494885802268982,0.5799713134765625,0.8391357660293579,0.0,0.35265225172042847,0.18975543975830078,0.40212008357048035,0.6541986465454102,0.6761143207550049,0.749907910823822,0.4525083899497986,0.5073373913764954,0.06061679869890213,0.6217986941337585,0.5919961929321289,0.7197478413581848,0.7864405512809753,0.0,0.6747745275497437,0.3691907227039337,0.18916378915309906,0.6149905323982239,0.6476652026176453,0.5084173679351807,0.5723445415496826,0.7313134670257568,0.3195247948169708,0.7933998703956604,0.7814503908157349,0.0,0.8611648678779602,0.6921849846839905,0.5453671813011169,0.5479364991188049,0.4950200617313385,0.6889383792877197,0.4369235932826996,0.5216559767723083,0.7638084888458252,0.7380306720733643,0.0,0.3220408856868744,0.6905581951141357,0.0006749561289325356,0.23744994401931763,0.0003800650010816753,0.029041633009910583
116,N/A,N/A,N/A,N/A,N/A,N/A,N/A,N/A,N/A,N/A,N/A,N/A,N/A,N/A,N/A,N/A,N/A,N/A,N/A,N/A,N/A,N/A,N/A,N/A,N/A,N/A,N/A,N/A,N/A,N/A,N/A,N/A,N/A,N/A,N/A,N/A,N/A,N/A,N/A,N/A,N/A,N/A,N/A,N/A,N/A,N/A,N/A,N/A,N/A,N/A,N/A,N/A,N/A,N/A,N/A,N/A,N/A,N/A,N/A,N/A,N/A,N/A,N/A,N/A,N/A,N/A,N/A,N/A,N/A,N/A,N/A,N/A,N/A,N/A,N/A,N/A,N/A,N/A,N/A,N/A,N/A,N/A,N/A,N/A,N/A,N/A,N/A,N/A,N/A,N/A,N/A,N/A,N/A,N/A,N/A,N/A,N/A,N/A,N/A,N/A,N/A,N/A,N/A,N/A
117,N/A,N/A,N/A,N/A,N/A,N/A,N/A,N/A,N/A,N/A,N/A,N/A,N/A,N/A,N/A,N/A,N/A,N/A,N/A,N/A,N/A,N/A,N/A,N/A,N/A,N/A,N/A,N/A,N/A,N/A,N/A,N/A,N/A,N/A,N/A,N/A,N/A,N/A,N/A,N/A,N/A,N/A,N/A,N/A,N/A,N/A,N/A,N/A,N/A,N/A,N/A,N/A,N/A,N/A,N/A,N/A,N/A,N/A,N/A,N/A,N/A,N/A,N/A,N/A,N/A,N/A,N/A,N/A,N/A,N/A,N/A,N/A,N/A,N/A,N/A,N/A,N/A,N/A,N/A,N/A,N/A,N/A,N/A,N/A,N/A,N/A,N/A,N/A,N/A,N/A,N/A,N/A,N/A,N/A,N/A,N/A,N/A,N/A,N/A,N/A,N/A,N/A,N/A,N/A
118,N/A,N/A,N/A,N/A,N/A,N/A,N/A,N/A,N/A,N/A,N/A,N/A,N/A,N/A,N/A,N/A,N/A,N/A,N/A,N/A,N/A,N/A,N/A,N/A,N/A,N/A,N/A,N/A,N/A,N/A,N/A,N/A,N/A,N/A,N/A,N/A,N/A,N/A,N/A,N/A,N/A,N/A,N/A,N/A,N/A,N/A,N/A,N/A,N/A,N/A,N/A,N/A,N/A,N/A,N/A,N/A,N/A,N/A,N/A,N/A,N/A,N/A,N/A,N/A,N/A,N/A,N/A,N/A,N/A,N/A,N/A,N/A,N/A,N/A,N/A,N/A,N/A,N/A,N/A,N/A,N/A,N/A,N/A,N/A,N/A,N/A,N/A,N/A,N/A,N/A,N/A,N/A,N/A,N/A,N/A,N/A,N/A,N/A,N/A,N/A,N/A,N/A,N/A,N/A
119,N/A,N/A,N/A,N/A,N/A,N/A,N/A,N/A,N/A,N/A,N/A,N/A,N/A,N/A,N/A,N/A,N/A,N/A,N/A,N/A,N/A,N/A,N/A,N/A,N/A,N/A,N/A,N/A,N/A,N/A,N/A,N/A,N/A,N/A,N/A,N/A,N/A,N/A,N/A,N/A,N/A,N/A,N/A,N/A,N/A,N/A,N/A,N/A,N/A,N/A,N/A,N/A,N/A,N/A,N/A,N/A,N/A,N/A,N/A,N/A,N/A,N/A,N/A,N/A,N/A,N/A,N/A,N/A,N/A,N/A,N/A,N/A,N/A,N/A,N/A,N/A,N/A,N/A,N/A,N/A,N/A,N/A,N/A,N/A,N/A,N/A,N/A,N/A,N/A,N/A,N/A,N/A,N/A,N/A,N/A,N/A,N/A,N/A,N/A,N/A,N/A,N/A,N/A,N/A
120,0.908818781375885,0.5445963144302368,0.0,0.684416651725769,0.2570036053657532,0.5953367948532104,0.7883678078651428,0.0,0.5071795582771301,0.1481102705001831,0.45039352774620056,0.34160315990448,0.5173038840293884,0.5270302891731262,0.5446470379829407,0.49190565943717957,0.07956023514270782,0.5636029839515686,0.42139357328414917,0.30098506808280945,0.3923967182636261,0.44601917266845703,0.5374399423599243,0.24809518456459045,0.5303895473480225,0.5408447980880737,0.15639670193195343,0.20897603034973145,0.6254396438598633,0.7971149682998657,0.8172833323478699,0.5279949903488159,0.7376194000244141,0.5757401585578918,0.2905927002429962,0.6796095371246338,0.6426461338996887,0.7760623097419739,0.4167574942111969,0.7623351216316223,0.5548502802848816,0.7612163424491882,0.8766099810600281,0.2685920298099518,0.6446657180786133,0.5319977402687073,0.46587732434272766,0.2101040631532669,0.4644808769226074,0.31693539023399353,0.23785585165023804,0.2648352384567261,0.4257800579071045,0.49145811796188354,0.3700118660926819,0.7337536215782166,0.6766805052757263,0.4657246172428131,0.5934959650039673,0.8455070853233337,0.0,0.38083526492118835,0.17272208631038666,0.47780588269233704,0.6523380875587463,0.6673853397369385,0.7495102286338806,0.45622557401657104,0.4171857237815857,0.08123701810836792,0.599577009677887,0.6314041614532471,0.7014071941375732,0.7855841517448425,0.0,0.7274467945098877,0.3736165463924408,0.12769538164138794,0.5325179696083069,0.6472980976104736,0.5296605229377747,0.47240692377090454,0.7475563883781433,0.33160021901130676,0.8122144341468811,0.7836655974388123,0.0,0.8636177182197571,0.7198330163955688,0.5325042009353638,0.520600438117981,0.4726290702819824,0.694587767124176,0.46523916721343994,0.557205319404602,0.787875771522522,0.7245125770568848,0.0,0.3233773112297058,0.5201128721237183,0.0952305942773819,0.24968260526657104,0.0005416310741566122,0.023567918688058853
121,N/A,N/A,N/A,N/A,N/A,N/A,N/A,N/A,N/A,N/A,N/A,N/A,N/A,N/A,N/A,N/A,N/A,N/A,N/A,N/A,N/A,N/A,N/A,N/A,N/A,N/A,N/A,N/A,N/A,N/A,N/A,N/A,N/A,N/A,N/A,N/A,N/A,N/A,N/A,N/A,N/A,N/A,N/A,N/A,N/A,N/A,N/A,N/A,N/A,N/A,N/A,N/A,N/A,N/A,N/A,N/A,N/A,N/A,N/A,N/A,N/A,N/A,N/A,N/A,N/A,N/A,N/A,N/A,N/A,N/A,N/A,N/A,N/A,N/A,N/A,N/A,N/A,N/A,N/A,N/A,N/A,N/A,N/A,N/A,N/A,N/A,N/A,N/A,N/A,N/A,N/A,N/A,N/A,N/A,N/A,N/A,N/A,N/A,N/A,N/A,N/A,N/A,N/A,N/A
122,N/A,N/A,N/A,N/A,N/A,N/A,N/A,N/A,N/A,N/A,N/A,N/A,N/A,N/A,N/A,N/A,N/A,N/A,N/A,N/A,N/A,N/A,N/A,N/A,N/A,N/A,N/A,N/A,N/A,N/A,N/A,N/A,N/A,N/A,N/A,N/A,N/A,N/A,N/A,N/A,N/A,N/A,N/A,N/A,N/A,N/A,N/A,N/A,N/A,N/A,N/A,N/A,N/A,N/A,N/A,N/A,N/A,N/A,N/A,N/A,N/A,N/A,N/A,N/A,N/A,N/A,N/A,N/A,N/A,N/A,N/A,N/A,N/A,N/A,N/A,N/A,N/A,N/A,N/A,N/A,N/A,N/A,N/A,N/A,N/A,N/A,N/A,N/A,N/A,N/A,N/A,N/A,N/A,N/A,N/A,N/A,N/A,N/A,N/A,N/A,N/A,N/A,N/A,N/A
123,N/A,N/A,N/A,N/A,N/A,N/A,N/A,N/A,N/A,N/A,N/A,N/A,N/A,N/A,N/A,N/A,N/A,N/A,N/A,N/A,N/A,N/A,N/A,N/A,N/A,N/A,N/A,N/A,N/A,N/A,N/A,N/A,N/A,N/A,N/A,N/A,N/A,N/A,N/A,N/A,N/A,N/A,N/A,N/A,N/A,N/A,N/A,N/A,N/A,N/A,N/A,N/A,N/A,N/A,N/A,N/A,N/A,N/A,N/A,N/A,N/A,N/A,N/A,N/A,N/A,N/A,N/A,N/A,N/A,N/A,N/A,N/A,N/A,N/A,N/A,N/A,N/A,N/A,N/A,N/A,N/A,N/A,N/A,N/A,N/A,N/A,N/A,N/A,N/A,N/A,N/A,N/A,N/A,N/A,N/A,N/A,N/A,N/A,N/A,N/A,N/A,N/A,N/A,N/A
124,N/A,N/A,N/A,N/A,N/A,N/A,N/A,N/A,N/A,N/A,N/A,N/A,N/A,N/A,N/A,N/A,N/A,N/A,N/A,N/A,N/A,N/A,N/A,N/A,N/A,N/A,N/A,N/A,N/A,N/A,N/A,N/A,N/A,N/A,N/A,N/A,N/A,N/A,N/A,N/A,N/A,N/A,N/A,N/A,N/A,N/A,N/A,N/A,N/A,N/A,N/A,N/A,N/A,N/A,N/A,N/A,N/A,N/A,N/A,N/A,N/A,N/A,N/A,N/A,N/A,N/A,N/A,N/A,N/A,N/A,N/A,N/A,N/A,N/A,N/A,N/A,N/A,N/A,N/A,N/A,N/A,N/A,N/A,N/A,N/A,N/A,N/A,N/A,N/A,N/A,N/A,N/A,N/A,N/A,N/A,N/A,N/A,N/A,N/A,N/A,N/A,N/A,N/A,N/A
125,0.9132586717605591,0.5559219121932983,0.0,0.689391016960144,0.23234225809574127,0.5932843089103699,0.807181715965271,0.0,0.5251853466033936,0.13635188341140747,0.46075868606567383,0.3672116696834564,0.5122066140174866,0.5574740171432495,0.5403828024864197,0.503183126449585,0.10370542109012604,0.5679201483726501,0.4146368205547333,0.30805131793022156,0.36861664056777954,0.4179811477661133,0.4871273934841156,0.18020077049732208,0.558289110660553,0.5220224857330322,0.12177947163581848,0.19772720336914062,0.6534691452980042,0.8286184668540955,0.8142220377922058,0.5360412001609802,0.7447289228439331,0.5915595293045044,0.23531585931777954,0.6951217651367188,0.6609669327735901,0.7659803032875061,0.37132805585861206,0.7543938755989075,0.5449065566062927,0.764698326587677,0.8622535467147827,0.2961570918560028,0.6260809898376465,0.5365134477615356,0.4589426815509796,0.21999865770339966,0.4772195816040039,0.3669201135635376,0.2543826401233673,0.22873541712760925,0.4211895167827606,0.4291524887084961,0.3908585011959076,0.7308915257453918,0.6692787408828735,0.45472434163093567,0.5954264998435974,0.8460127115249634,0.0,0.3396061062812805,0.1826300472021103,0.44041723012924194,0.6456004977226257,0.660828173160553,0.7567132711410522,0.45775285363197327,0.46533825993537903,0.07227356731891632,0.6131819486618042,0.6095125675201416,0.722997784614563,0.7781307697296143,0.0,0.7258325219154358,0.3724042773246765,0.1588948369026184,0.5589908361434937,0.6351388096809387,0.5244856476783752,0.47671830654144287,0.7344537973403931,0.34444496035575867,0.8096805214881897,0.7892160415649414,8.928322495194152e-05,0.8657488226890564,0.7526467442512512,0.5449050664901733,0.5476768016815186,0.47449010610580444,0.6810867190361023,0.45237094163894653,0.5712510943412781,0.7640805840492249,0.7336810231208801,0.0,0.30871284008026123,0.6450648903846741,0.05573151633143425,0.2536310851573944,8.1177509855479e-05,0.02640550211071968
126,N/A,N/A,N/A,N/A,N/A,N/A,N/A,N/A,N/A,N/A,N/A,N/A,N/A,N/A,N/A,N/A,N/A,N/A,N/A,N/A,N/A,N/A,N/A,N/A,N/A,N/A,N/A,N/A,N/A,N/A,N/A,N/A,N/A,N/A,N/A,N/A,N/A,N/A,N/A,N/A,N/A,N/A,N/A,N/A,N/A,N/A,N/A,N/A,N/A,N/A,N/A,N/A,N/A,N/A,N/A,N/A,N/A,N/A,N/A,N/A,N/A,N/A,N/A,N/A,N/A,N/A,N/A,N/A,N/A,N/A,N/A,N/A,N/A,N/A,N/A,N/A,N/A,N/A,N/A,N/A,N/A,N/A,N/A,N/A,N/A,N/A,N/A,N/A,N/A,N/A,N/A,N/A,N/A,N/A,N/A,N/A,N/A,N/A,N/A,N/A,N/A,N/A,N/A,N/A
127,N/A,N/A,N/A,N/A,N/A,N/A,N/A,N/A,N/A,N/A,N/A,N/A,N/A,N/A,N/A,N/A,N/A,N/A,N/A,N/A,N/A,N/A,N/A,N/A,N/A,N/A,N/A,N/A,N/A,N/A,N/A,N/A,N/A,N/A,N/A,N/A,N/A,N/A,N/A,N/A,N/A,N/A,N/A,N/A,N/A,N/A,N/A,N/A,N/A,N/A,N/A,N/A,N/A,N/A,N/A,N/A,N/A,N/A,N/A,N/A,N/A,N/A,N/A,N/A,N/A,N/A,N/A,N/A,N/A,N/A,N/A,N/A,N/A,N/A,N/A,N/A,N/A,N/A,N/A,N/A,N/A,N/A,N/A,N/A,N/A,N/A,N/A,N/A,N/A,N/A,N/A,N/A,N/A,N/A,N/A,N/A,N/A,N/A,N/A,N/A,N/A,N/A,N/A,N/A
128,N/A,N/A,N/A,N/A,N/A,N/A,N/A,N/A,N/A,N/A,N/A,N/A,N/A,N/A,N/A,N/A,N/A,N/A,N/A,N/A,N/A,N/A,N/A,N/A,N/A,N/A,N/A,N/A,N/A,N/A,N/A,N/A,N/A,N/A,N/A,N/A,N/A,N/A,N/A,N/A,N/A,N/A,N/A,N/A,N/A,N/A,N/A,N/A,N/A,N/A,N/A,N/A,N/A,N/A,N/A,N/A,N/A,N/A,N/A,N/A,N/A,N/A,N/A,N/A,N/A,N/A,N/A,N/A,N/A,N/A,N/A,N/A,N/A,N/A,N/A,N/A,N/A,N/A,N/A,N/A,N/A,N/A,N/A,N/A,N/A,N/A,N/A,N/A,N/A,N/A,N/A,N/A,N/A,N/A,N/A,N/A,N/A,N/A,N/A,N/A,N/A,N/A,N/A,N/A
129,N/A,N/A,N/A,N/A,N/A,N/A,N/A,N/A,N/A,N/A,N/A,N/A,N/A,N/A,N/A,N/A,N/A,N/A,N/A,N/A,N/A,N/A,N/A,N/A,N/A,N/A,N/A,N/A,N/A,N/A,N/A,N/A,N/A,N/A,N/A,N/A,N/A,N/A,N/A,N/A,N/A,N/A,N/A,N/A,N/A,N/A,N/A,N/A,N/A,N/A,N/A,N/A,N/A,N/A,N/A,N/A,N/A,N/A,N/A,N/A,N/A,N/A,N/A,N/A,N/A,N/A,N/A,N/A,N/A,N/A,N/A,N/A,N/A,N/A,N/A,N/A,N/A,N/A,N/A,N/A,N/A,N/A,N/A,N/A,N/A,N/A,N/A,N/A,N/A,N/A,N/A,N/A,N/A,N/A,N/A,N/A,N/A,N/A,N/A,N/A,N/A,N/A,N/A,N/A
130,0.9111515879631042,0.5570051670074463,0.0,0.6685979962348938,0.2265281230211258,0.6050541996955872,0.7580319046974182,0.0,0.5059072375297546,0.14175596833229065,0.4562809467315674,0.3706173598766327,0.5125506520271301,0.5458772778511047,0.5399999022483826,0.49711093306541443,0.05517391487956047,0.5703580379486084,0.3752187490463257,0.23272168636322021,0.4347122311592102,0.41203731298446655,0.48281461000442505,0.138539120554924,0.5539313554763794,0.5505387187004089,0.16367454826831818,0.22877237200737,0.671002984046936,0.8305053114891052,0.8375705480575562,0.5427284836769104,0.7725208401679993,0.5962609052658081,0.26680999994277954,0.711898148059845,0.6247738003730774,0.7667535543441772,0.29743343591690063,0.7482510805130005,0.5628468990325928,0.7797110676765442,0.882371187210083,0.3184623122215271,0.635158896446228,0.5648666620254517,0.4486328065395355,0.20420008897781372,0.47132161259651184,0.30111196637153625,0.21978798508644104,0.23486195504665375,0.432272344827652,0.4827549159526825,0.38495656847953796,0.7231885194778442,0.685387372970581,0.47785699367523193,0.590509831905365,0.8517494797706604,0.0,0.37519124150276184,0.1600828468799591,0.40968915820121765,0.6648409366607666,0.6789510250091553,0.7525814771652222,0.44571536779403687,0.44460728764533997,0.07628891617059708,0.587939977645874,0.6124120950698853,0.7188372015953064,0.7767925262451172,0.0,0.7287594676017761,0.3952791392803192,0.10995550453662872,0.6448718309402466,0.6562590003013611,0.5170934200286865,0.5057392716407776,0.7337226271629333,0.3332167863845825,0.8151199221611023,0.7805203795433044,0.0,0.8616195917129517,0.7424200177192688,0.5266190767288208,0.5478991866111755,0.47611203789711,0.7083823680877686,0.4442114233970642,0.5506694912910461,0.7928695678710938,0.7375944256782532,0.0,0.31934019923210144,0.5508854985237122,0.09645631909370422,0.26424190402030945,0.0,0.026181209832429886
131,N/A,N/A,N/A,N/A,N/A,N/A,N/A,N/A,N/A,N/A,N/A,N/A,N/A,N/A,N/A,N/A,N/A,N/A,N/A,N/A,N/A,N/A,N/A,N/A,N/A,N/A,N/A,N/A,N/A,N/A,N/A,N/A,N/A,N/A,N/A,N/A,N/A,N/A,N/A,N/A,N/A,N/A,N/A,N/A,N/A,N/A,N/A,N/A,N/A,N/A,N/A,N/A,N/A,N/A,N/A,N/A,N/A,N/A,N/A,N/A,N/A,N/A,N/A,N/A,N/A,N/A,N/A,N/A,N/A,N/A,N/A,N/A,N/A,N/A,N/A,N/A,N/A,N/A,N/A,N/A,N/A,N/A,N/A,N/A,N/A,N/A,N/A,N/A,N/A,N/A,N/A,N/A,N/A,N/A,N/A,N/A,N/A,N/A,N/A,N/A,N/A,N/A,N/A,N/A
132,N/A,N/A,N/A,N/A,N/A,N/A,N/A,N/A,N/A,N/A,N/A,N/A,N/A,N/A,N/A,N/A,N/A,N/A,N/A,N/A,N/A,N/A,N/A,N/A,N/A,N/A,N/A,N/A,N/A,N/A,N/A,N/A,N/A,N/A,N/A,N/A,N/A,N/A,N/A,N/A,N/A,N/A,N/A,N/A,N/A,N/A,N/A,N/A,N/A,N/A,N/A,N/A,N/A,N/A,N/A,N/A,N/A,N/A,N/A,N/A,N/A,N/A,N/A,N/A,N/A,N/A,N/A,N/A,N/A,N/A,N/A,N/A,N/A,N/A,N/A,N/A,N/A,N/A,N/A,N/A,N/A,N/A,N/A,N/A,N/A,N/A,N/A,N/A,N/A,N/A,N/A,N/A,N/A,N/A,N/A,N/A,N/A,N/A,N/A,N/A,N/A,N/A,N/A,N/A
133,N/A,N/A,N/A,N/A,N/A,N/A,N/A,N/A,N/A,N/A,N/A,N/A,N/A,N/A,N/A,N/A,N/A,N/A,N/A,N/A,N/A,N/A,N/A,N/A,N/A,N/A,N/A,N/A,N/A,N/A,N/A,N/A,N/A,N/A,N/A,N/A,N/A,N/A,N/A,N/A,N/A,N/A,N/A,N/A,N/A,N/A,N/A,N/A,N/A,N/A,N/A,N/A,N/A,N/A,N/A,N/A,N/A,N/A,N/A,N/A,N/A,N/A,N/A,N/A,N/A,N/A,N/A,N/A,N/A,N/A,N/A,N/A,N/A,N/A,N/A,N/A,N/A,N/A,N/A,N/A,N/A,N/A,N/A,N/A,N/A,N/A,N/A,N/A,N/A,N/A,N/A,N/A,N/A,N/A,N/A,N/A,N/A,N/A,N/A,N/A,N/A,N/A,N/A,N/A
134,N/A,N/A,N/A,N/A,N/A,N/A,N/A,N/A,N/A,N/A,N/A,N/A,N/A,N/A,N/A,N/A,N/A,N/A,N/A,N/A,N/A,N/A,N/A,N/A,N/A,N/A,N/A,N/A,N/A,N/A,N/A,N/A,N/A,N/A,N/A,N/A,N/A,N/A,N/A,N/A,N/A,N/A,N/A,N/A,N/A,N/A,N/A,N/A,N/A,N/A,N/A,N/A,N/A,N/A,N/A,N/A,N/A,N/A,N/A,N/A,N/A,N/A,N/A,N/A,N/A,N/A,N/A,N/A,N/A,N/A,N/A,N/A,N/A,N/A,N/A,N/A,N/A,N/A,N/A,N/A,N/A,N/A,N/A,N/A,N/A,N/A,N/A,N/A,N/A,N/A,N/A,N/A,N/A,N/A,N/A,N/A,N/A,N/A,N/A,N/A,N/A,N/A,N/A,N/A
135,0.9107049107551575,0.567052960395813,0.0,0.6723624467849731,0.22804731130599976,0.5915082097053528,0.7700517773628235,0.0,0.5106773376464844,0.13823315501213074,0.45377713441848755,0.36601272225379944,0.5275018215179443,0.5569475293159485,0.554670512676239,0.4911611080169678,0.06578332185745239,0.577594518661499,0.43128469586372375,0.3626950681209564,0.4304467439651489,0.45543593168258667,0.534695565700531,0.32291680574417114,0.5663409233093262,0.5452946424484253,0.17511753737926483,0.26241767406463623,0.6612640619277954,0.8235666155815125,0.8143017888069153,0.5248914957046509,0.7825325727462769,0.5926893949508667,0.2805953025817871,0.7003433704376221,0.6331901550292969,0.7608510255813599,0.3843415081501007,0.7899671196937561,0.538608729839325,0.7640959024429321,0.84137362241745,0.31742241978645325,0.6263390779495239,0.5550647377967834,0.4644624590873718,0.2233375757932663,0.46639636158943176,0.34117135405540466,0.21694044768810272,0.2619774043560028,0.4239729046821594,0.4913470447063446,0.36420178413391113,0.7469905614852905,0.6901155710220337,0.46503946185112,0.5920535326004028,0.8518285751342773,0.0,0.35900434851646423,0.18315599858760834,0.47124868631362915,0.6696186661720276,0.6803753972053528,0.7626070976257324,0.45493078231811523,0.46721789240837097,0.07694745063781738,0.6139493584632874,0.653775155544281,0.6517663598060608,0.7831507325172424,0.0,0.6934248805046082,0.3810386061668396,0.16447611153125763,0.5990866422653198,0.6871727108955383,0.5190675854682922,0.5589813590049744,0.7232058048248291,0.3332200348377228,0.8126965165138245,0.7684535384178162,0.0,0.8631141185760498,0.7259041666984558,0.5272368788719177,0.536375880241394,0.4929051399230957,0.7098401784896851,0.47414064407348633,0.5592630505561829,0.7906972765922546,0.7417106628417969,0.0,0.30207663774490356,0.5971161723136902,0.13142400979995728,0.266173392534256,0.0001379680325044319,0.03270823881030083
136,N/A,N/A,N/A,N/A,N/A,N/A,N/A,N/A,N/A,N/A,N/A,N/A,N/A,N/A,N/A,N/A,N/A,N/A,N/A,N/A,N/A,N/A,N/A,N/A,N/A,N/A,N/A,N/A,N/A,N/A,N/A,N/A,N/A,N/A,N/A,N/A,N/A,N/A,N/A,N/A,N/A,N/A,N/A,N/A,N/A,N/A,N/A,N/A,N/A,N/A,N/A,N/A,N/A,N/A,N/A,N/A,N/A,N/A,N/A,N/A,N/A,N/A,N/A,N/A,N/A,N/A,N/A,N/A,N/A,N/A,N/A,N/A,N/A,N/A,N/A,N/A,N/A,N/A,N/A,N/A,N/A,N/A,N/A,N/A,N/A,N/A,N/A,N/A,N/A,N/A,N/A,N/A,N/A,N/A,N/A,N/A,N/A,N/A,N/A,N/A,N/A,N/A,N/A,N/A
137,N/A,N/A,N/A,N/A,N/A,N/A,N/A,N/A,N/A,N/A,N/A,N/A,N/A,N/A,N/A,N/A,N/A,N/A,N/A,N/A,N/A,N/A,N/A,N/A,N/A,N/A,N/A,N/A,N/A,N/A,N/A,N/A,N/A,N/A,N/A,N/A,N/A,N/A,N/A,N/A,N/A,N/A,N/A,N/A,N/A,N/A,N/A,N/A,N/A,N/A,N/A,N/A,N/A,N/A,N/A,N/A,N/A,N/A,N/A,N/A,N/A,N/A,N/A,N/A,N/A,N/A,N/A,N/A,N/A,N/A,N/A,N/A,N/A,N/A,N/A,N/A,N/A,N/A,N/A,N/A,N/A,N/A,N/A,N/A,N/A,N/A,N/A,N/A,N/A,N/A,N/A,N/A,N/A,N/A,N/A,N/A,N/A,N/A,N/A,N/A,N/A,N/A,N/A,N/A
138,N/A,N/A,N/A,N/A,N/A,N/A,N/A,N/A,N/A,N/A,N/A,N/A,N/A,N/A,N/A,N/A,N/A,N/A,N/A,N/A,N/A,N/A,N/A,N/A,N/A,N/A,N/A,N/A,N/A,N/A,N/A,N/A,N/A,N/A,N/A,N/A,N/A,N/A,N/A,N/A,N/A,N/A,N/A,N/A,N/A,N/A,N/A,N/A,N/A,N/A,N/A,N/A,N/A,N/A,N/A,N/A,N/A,N/A,N/A,N/A,N/A,N/A,N/A,N/A,N/A,N/A,N/A,N/A,N/A,N/A,N/A,N/A,N/A,N/A,N/A,N/A,N/A,N/A,N/A,N/A,N/A,N/A,N/A,N/A,N/A,N/A,N/A,N/A,N/A,N/A,N/A,N/A,N/A,N/A,N/A,N/A,N/A,N/A,N/A,N/A,N/A,N/A,N/A,N/A
139,N/A,N/A,N/A,N/A,N/A,N/A,N/A,N/A,N/A,N/A,N/A,N/A,N/A,N/A,N/A,N/A,N/A,N/A,N/A,N/A,N/A,N/A,N/A,N/A,N/A,N/A,N/A,N/A,N/A,N/A,N/A,N/A,N/A,N/A,N/A,N/A,N/A,N/A,N/A,N/A,N/A,N/A,N/A,N/A,N/A,N/A,N/A,N/A,N/A,N/A,N/A,N/A,N/A,N/A,N/A,N/A,N/A,N/A,N/A,N/A,N/A,N/A,N/A,N/A,N/A,N/A,N/A,N/A,N/A,N/A,N/A,N/A,N/A,N/A,N/A,N/A,N/A,N/A,N/A,N/A,N/A,N/A,N/A,N/A,N/A,N/A,N/A,N/A,N/A,N/A,N/A,N/A,N/A,N/A,N/A,N/A,N/A,N/A,N/A,N/A,N/A,N/A,N/A,N/A
140,0.9095556735992432,0.5495806932449341,0.0,0.6810422539710999,0.24410858750343323,0.587908148765564,0.7829239964485168,0.0,0.5199511647224426,0.12906725704669952,0.4567409157752991,0.3550124764442444,0.5217976570129395,0.5632888078689575,0.5273487567901611,0.5080327987670898,0.05215425416827202,0.5831599235534668,0.44436073303222656,0.2517189383506775,0.4266994297504425,0.46069926023483276,0.5280612707138062,0.24837931990623474,0.5546287298202515,0.5532022714614868,0.17037318646907806,0.24568797647953033,0.6481530070304871,0.8204894065856934,0.8164714574813843,0.520030677318573,0.7680132389068604,0.5828691720962524,0.2627822458744049,0.7054486274719238,0.6638532280921936,0.7637783885002136,0.3704243004322052,0.7581576108932495,0.5540541410446167,0.7707529067993164,0.8567931652069092,0.32408881187438965,0.630190908908844,0.5415579676628113,0.4643651247024536,0.2338894158601761,0.47550392150878906,0.35224416851997375,0.23716700077056885,0.25060713291168213,0.4239424169063568,0.4673875570297241,0.3850928246974945,0.7281965613365173,0.6837207674980164,0.444928377866745,0.597438395023346,0.8482534289360046,0.0,0.337717205286026,0.18728512525558472,0.47450506687164307,0.6575268507003784,0.6781503558158875,0.7514421343803406,0.45665252208709717,0.448678195476532,0.07883855700492859,0.6043124794960022,0.6563579440116882,0.7174931168556213,0.7720864415168762,0.0,0.7119209170341492,0.3919444978237152,0.1453138142824173,0.6149435043334961,0.6318601965904236,0.5087607502937317,0.5972723960876465,0.7366504669189453,0.312027245759964,0.8101769089698792,0.7714044451713562,0.00018145424837712198,0.8705299496650696,0.7346678972244263,0.5289813876152039,0.5551285147666931,0.4809141159057617,0.71761155128479,0.4610529839992523,0.5434387922286987,0.7831569910049438,0.7405166625976562,0.0,0.3023865520954132,0.6313716173171997,0.0789613276720047,0.2601040005683899,0.0,0.0328548401594162
141,N/A,N/A,N/A,N/A,N/A,N/A,N/A,N/A,N/A,N/A,N/A,N/A,N/A,N/A,N/A,N/A,N/A,N/A,N/A,N/A,N/A,N/A,N/A,N/A,N/A,N/A,N/A,N/A,N/A,N/A,N/A,N/A,N/A,N/A,N/A,N/A,N/A,N/A,N/A,N/A,N/A,N/A,N/A,N/A,N/A,N/A,N/A,N/A,N/A,N/A,N/A,N/A,N/A,N/A,N/A,N/A,N/A,N/A,N/A,N/A,N/A,N/A,N/A,N/A,N/A,N/A,N/A,N/A,N/A,N/A,N/A,N/A,N/A,N/A,N/A,N/A,N/A,N/A,N/A,N/A,N/A,N/A,N/A,N/A,N/A,N/A,N/A,N/A,N/A,N/A,N/A,N/A,N/A,N/A,N/A,N/A,N/A,N/A,N/A,N/A,N/A,N/A,N/A,N/A
142,N/A,N/A,N/A,N/A,N/A,N/A,N/A,N/A,N/A,N/A,N/A,N/A,N/A,N/A,N/A,N/A,N/A,N/A,N/A,N/A,N/A,N/A,N/A,N/A,N/A,N/A,N/A,N/A,N/A,N/A,N/A,N/A,N/A,N/A,N/A,N/A,N/A,N/A,N/A,N/A,N/A,N/A,N/A,N/A,N/A,N/A,N/A,N/A,N/A,N/A,N/A,N/A,N/A,N/A,N/A,N/A,N/A,N/A,N/A,N/A,N/A,N/A,N/A,N/A,N/A,N/A,N/A,N/A,N/A,N/A,N/A,N/A,N/A,N/A,N/A,N/A,N/A,N/A,N/A,N/A,N/A,N/A,N/A,N/A,N/A,N/A,N/A,N/A,N/A,N/A,N/A,N/A,N/A,N/A,N/A,N/A,N/A,N/A,N/A,N/A,N/A,N/A,N/A,N/A
143,N/A,N/A,N/A,N/A,N/A,N/A,N/A,N/A,N/A,N/A,N/A,N/A,N/A,N/A,N/A,N/A,N/A,N/A,N/A,N/A,N/A,N/A,N/A,N/A,N/A,N/A,N/A,N/A,N/A,N/A,N/A,N/A,N/A,N/A,N/A,N/A,N/A,N/A,N/A,N/A,N/A,N/A,N/A,N/A,N/A,N/A,N/A,N/A,N/A,N/A,N/A,N/A,N/A,N/A,N/A,N/A,N/A,N/A,N/A,N/A,N/A,N/A,N/A,N/A,N/A,N/A,N/A,N/A,N/A,N/A,N/A,N/A,N/A,N/A,N/A,N/A,N/A,N/A,N/A,N/A,N/A,N/A,N/A,N/A,N/A,N/A,N/A,N/A,N/A,N/A,N/A,N/A,N/A,N/A,N/A,N/A,N/A,N/A,N/A,N/A,N/A,N/A,N/A,N/A
144,N/A,N/A,N/A,N/A,N/A,N/A,N/A,N/A,N/A,N/A,N/A,N/A,N/A,N/A,N/A,N/A,N/A,N/A,N/A,N/A,N/A,N/A,N/A,N/A,N/A,N/A,N/A,N/A,N/A,N/A,N/A,N/A,N/A,N/A,N/A,N/A,N/A,N/A,N/A,N/A,N/A,N/A,N/A,N/A,N/A,N/A,N/A,N/A,N/A,N/A,N/A,N/A,N/A,N/A,N/A,N/A,N/A,N/A,N/A,N/A,N/A,N/A,N/A,N/A,N/A,N/A,N/A,N/A,N/A,N/A,N/A,N/A,N/A,N/A,N/A,N/A,N/A,N/A,N/A,N/A,N/A,N/A,N/A,N/A,N/A,N/A,N/A,N/A,N/A,N/A,N/A,N/A,N/A,N/A,N/A,N/A,N/A,N/A,N/A,N/A,N/A,N/A,N/A,N/A
145,0.9110309481620789,0.5564618706703186,0.0,0.6711040139198303,0.22044473886489868,0.5872851610183716,0.8128558993339539,0.0,0.5138400793075562,0.14947472512722015,0.45472416281700134,0.3778032660484314,0.5221648812294006,0.5567690134048462,0.5229650735855103,0.46916037797927856,0.05986962094902992,0.5732418894767761,0.39426419138908386,0.3004353642463684,0.4304450750350952,0.4041421711444855,0.5177351832389832,0.1761036217212677,0.5643391013145447,0.5494450926780701,0.2232801765203476,0.22686490416526794,0.641568660736084,0.8305132389068604,0.8307082056999207,0.5466330051422119,0.7635540962219238,0.5940109491348267,0.2804517149925232,0.7113828063011169,0.6485631465911865,0.7706435322761536,0.38039281964302063,0.7126073837280273,0.5513066053390503,0.770413339138031,0.8790692687034607,0.2821616232395172,0.6441554427146912,0.5406032800674438,0.4760586619377136,0.21569617092609406,0.4700331687927246,0.3253196179866791,0.2529940903186798,0.2506353557109833,0.4256276488304138,0.4810103476047516,0.36658361554145813,0.7390022873878479,0.6861757636070251,0.4811245799064636,0.5958753824234009,0.8396700024604797,0.0,0.35642266273498535,0.1725882887840271,0.4238308072090149,0.63663649559021,0.656955897808075,0.7485946416854858,0.4506028890609741,0.4739842712879181,0.0830698236823082,0.603967010974884,0.6170467734336853,0.700686514377594,0.7816047072410583,0.0,0.6915982365608215,0.3797908127307892,0.16588367521762848,0.5994455218315125,0.612164318561554,0.5296732187271118,0.5037136077880859,0.7286126613616943,0.31594860553741455,0.8081682324409485,0.7668198943138123,0.0,0.8655716180801392,0.7449182868003845,0.5342005491256714,0.5369528532028198,0.4868573844432831,0.704927921295166,0.4614853262901306,0.5350931286811829,0.7798047065734863,0.7263684272766113,0.0,0.2710910439491272,0.4577949643135071,0.08314735442399979,0.2805473804473877,0.0,0.0265410915017128
146,N/A,N/A,N/A,N/A,N/A,N/A,N/A,N/A,N/A,N/A,N/A,N/A,N/A,N/A,N/A,N/A,N/A,N/A,N/A,N/A,N/A,N/A,N/A,N/A,N/A,N/A,N/A,N/A,N/A,N/A,N/A,N/A,N/A,N/A,N/A,N/A,N/A,N/A,N/A,N/A,N/A,N/A,N/A,N/A,N/A,N/A,N/A,N/A,N/A,N/A,N/A,N/A,N/A,N/A,N/A,N/A,N/A,N/A,N/A,N/A,N/A,N/A,N/A,N/A,N/A,N/A,N/A,N/A,N/A,N/A,N/A,N/A,N/A,N/A,N/A,N/A,N/A,N/A,N/A,N/A,N/A,N/A,N/A,N/A,N/A,N/A,N/A,N/A,N/A,N/A,N/A,N/A,N/A,N/A,N/A,N/A,N/A,N/A,N/A,N/A,N/A,N/A,N/A,N/A
147,N/A,N/A,N/A,N/A,N/A,N/A,N/A,N/A,N/A,N/A,N/A,N/A,N/A,N/A,N/A,N/A,N/A,N/A,N/A,N/A,N/A,N/A,N/A,N/A,N/A,N/A,N/A,N/A,N/A,N/A,N/A,N/A,N/A,N/A,N/A,N/A,N/A,N/A,N/A,N/A,N/A,N/A,N/A,N/A,N/A,N/A,N/A,N/A,N/A,N/A,N/A,N/A,N/A,N/A,N/A,N/A,N/A,N/A,N/A,N/A,N/A,N/A,N/A,N/A,N/A,N/A,N/A,N/A,N/A,N/A,N/A,N/A,N/A,N/A,N/A,N/A,N/A,N/A,N/A,N/A,N/A,N/A,N/A,N/A,N/A,N/A,N/A,N/A,N/A,N/A,N/A,N/A,N/A,N/A,N/A,N/A,N/A,N/A,N/A,N/A,N/A,N/A,N/A,N/A
148,N/A,N/A,N/A,N/A,N/A,N/A,N/A,N/A,N/A,N/A,N/A,N/A,N/A,N/A,N/A,N/A,N/A,N/A,N/A,N/A,N/A,N/A,N/A,N/A,N/A,N/A,N/A,N/A,N/A,N/A,N/A,N/A,N/A,N/A,N/A,N/A,N/A,N/A,N/A,N/A,N/A,N/A,N/A,N/A,N/A,N/A,N/A,N/A,N/A,N/A,N/A,N/A,N/A,N/A,N/A,N/A,N/A,N/A,N/A,N/A,N/A,N/A,N/A,N/A,N/A,N/A,N/A,N/A,N/A,N/A,N/A,N/A,N/A,N/A,N/A,N/A,N/A,N/A,N/A,N/A,N/A,N/A,N/A,N/A,N/A,N/A,N/A,N/A,N/A,N/A,N/A,N/A,N/A,N/A,N/A,N/A,N/A,N/A,N/A,N/A,N/A,N/A,N/A,N/A
149,N/A,N/A,N/A,N/A,N/A,N/A,N/A,N/A,N/A,N/A,N/A,N/A,N/A,N/A,N/A,N/A,N/A,N/A,N/A,N/A,N/A,N/A,N/A,N/A,N/A,N/A,N/A,N/A,N/A,N/A,N/A,N/A,N/A,N/A,N/A,N/A,N/A,N/A,N/A,N/A,N/A,N/A,N/A,N/A,N/A,N/A,N/A,N/A,N/A,N/A,N/A,N/A,N/A,N/A,N/A,N/A,N/A,N/A,N/A,N/A,N/A,N/A,N/A,N/A,N/A,N/A,N/A,N/A,N/A,N/A,N/A,N/A,N/A,N/A,N/A,N/A,N/A,N/A,N/A,N/A,N/A,N/A,N/A,N/A,N/A,N/A,N/A,N/A,N/A,N/A,N/A,N/A,N/A,N/A,N/A,N/A,N/A,N/A,N/A,N/A,N/A,N/A,N/A,N/A
150,0.911609411239624,0.5579822659492493,0.0,0.6595722436904907,0.24637100100517273,0.5949782729148865,0.81617271900177,0.0,0.5187425017356873,0.14635169506072998,0.4602564871311188,0.3783176839351654,0.5265892148017883,0.5470104217529297,0.5412307977676392,0.4848034977912903,0.06297801434993744,0.5636306405067444,0.39862146973609924,0.330124169588089,0.4291633069515228,0.41101858019828796,0.5332293510437012,0.219363272190094,0.5362690091133118,0.5529582500457764,0.18262651562690735,0.18860357999801636,0.6519277095794678,0.8268321752548218,0.8216121196746826,0.5338454842567444,0.7552381753921509,0.5882331728935242,0.28456181287765503,0.7093095779418945,0.6358237862586975,0.7651625871658325,0.35820820927619934,0.7427793145179749,0.5633630752563477,0.7426512837409973,0.8613518476486206,0.29080095887184143,0.6360650658607483,0.5383560657501221,0.4583004117012024,0.21822379529476166,0.47609421610832214,0.35515451431274414,0.21968480944633484,0.23754635453224182,0.4227501153945923,0.46563705801963806,0.370728999376297,0.7366402745246887,0.680451512336731,0.4718991816043854,0.6024407744407654,0.8450967669487,0.0,0.34592753648757935,0.1901245266199112,0.46388524770736694,0.6460117101669312,0.6783636212348938,0.7597311735153198,0.4606643617153168,0.4763617515563965,0.07616231590509415,0.5968570113182068,0.6307713389396667,0.7165448665618896,0.7904719114303589,0.0,0.7209580540657043,0.3795432150363922,0.17680412530899048,0.6301453709602356,0.6327815651893616,0.5269109606742859,0.5301659107208252,0.7365833520889282,0.31370097398757935,0.8119941353797913,0.7783170938491821,0.0,0.8630132079124451,0.7066161036491394,0.5299018025398254,0.5374089479446411,0.49814948439598083,0.6929976940155029,0.46652594208717346,0.546538233757019,0.7747179865837097,0.7375185489654541,0.0,0.3173043727874756,0.3493114709854126,0.06655392795801163,0.26601630449295044,0.0,0.030863847583532333
151,N/A,N/A,N/A,N/A,N/A,N/A,N/A,N/A,N/A,N/A,N/A,N/A,N/A,N/A,N/A,N/A,N/A,N/A,N/A,N/A,N/A,N/A,N/A,N/A,N/A,N/A,N/A,N/A,N/A,N/A,N/A,N/A,N/A,N/A,N/A,N/A,N/A,N/A,N/A,N/A,N/A,N/A,N/A,N/A,N/A,N/A,N/A,N/A,N/A,N/A,N/A,N/A,N/A,N/A,N/A,N/A,N/A,N/A,N/A,N/A,N/A,N/A,N/A,N/A,N/A,N/A,N/A,N/A,N/A,N/A,N/A,N/A,N/A,N/A,N/A,N/A,N/A,N/A,N/A,N/A,N/A,N/A,N/A,N/A,N/A,N/A,N/A,N/A,N/A,N/A,N/A,N/A,N/A,N/A,N/A,N/A,N/A,N/A,N/A,N/A,N/A,N/A,N/A,N/A
152,N/A,N/A,N/A,N/A,N/A,N/A,N/A,N/A,N/A,N/A,N/A,N/A,N/A,N/A,N/A,N/A,N/A,N/A,N/A,N/A,N/A,N/A,N/A,N/A,N/A,N/A,N/A,N/A,N/A,N/A,N/A,N/A,N/A,N/A,N/A,N/A,N/A,N/A,N/A,N/A,N/A,N/A,N/A,N/A,N/A,N/A,N/A,N/A,N/A,N/A,N/A,N/A,N/A,N/A,N/A,N/A,N/A,N/A,N/A,N/A,N/A,N/A,N/A,N/A,N/A,N/A,N/A,N/A,N/A,N/A,N/A,N/A,N/A,N/A,N/A,N/A,N/A,N/A,N/A,N/A,N/A,N/A,N/A,N/A,N/A,N/A,N/A,N/A,N/A,N/A,N/A,N/A,N/A,N/A,N/A,N/A,N/A,N/A,N/A,N/A,N/A,N/A,N/A,N/A
153,N/A,N/A,N/A,N/A,N/A,N/A,N/A,N/A,N/A,N/A,N/A,N/A,N/A,N/A,N/A,N/A,N/A,N/A,N/A,N/A,N/A,N/A,N/A,N/A,N/A,N/A,N/A,N/A,N/A,N/A,N/A,N/A,N/A,N/A,N/A,N/A,N/A,N/A,N/A,N/A,N/A,N/A,N/A,N/A,N/A,N/A,N/A,N/A,N/A,N/A,N/A,N/A,N/A,N/A,N/A,N/A,N/A,N/A,N/A,N/A,N/A,N/A,N/A,N/A,N/A,N/A,N/A,N/A,N/A,N/A,N/A,N/A,N/A,N/A,N/A,N/A,N/A,N/A,N/A,N/A,N/A,N/A,N/A,N/A,N/A,N/A,N/A,N/A,N/A,N/A,N/A,N/A,N/A,N/A,N/A,N/A,N/A,N/A,N/A,N/A,N/A,N/A,N/A,N/A
154,N/A,N/A,N/A,N/A,N/A,N/A,N/A,N/A,N/A,N/A,N/A,N/A,N/A,N/A,N/A,N/A,N/A,N/A,N/A,N/A,N/A,N/A,N/A,N/A,N/A,N/A,N/A,N/A,N/A,N/A,N/A,N/A,N/A,N/A,N/A,N/A,N/A,N/A,N/A,N/A,N/A,N/A,N/A,N/A,N/A,N/A,N/A,N/A,N/A,N/A,N/A,N/A,N/A,N/A,N/A,N/A,N/A,N/A,N/A,N/A,N/A,N/A,N/A,N/A,N/A,N/A,N/A,N/A,N/A,N/A,N/A,N/A,N/A,N/A,N/A,N/A,N/A,N/A,N/A,N/A,N/A,N/A,N/A,N/A,N/A,N/A,N/A,N/A,N/A,N/A,N/A,N/A,N/A,N/A,N/A,N/A,N/A,N/A,N/A,N/A,N/A,N/A,N/A,N/A
155,0.9117822051048279,0.5523824691772461,0.0,0.6820163726806641,0.221090629696846,0.592251181602478,0.7910143136978149,0.0,0.5222721695899963,0.14378198981285095,0.45832908153533936,0.3710039258003235,0.5294594168663025,0.5478938221931458,0.5387967824935913,0.47269946336746216,0.06891807168722153,0.5794256329536438,0.4060458540916443,0.3093119263648987,0.4361625611782074,0.40916985273361206,0.5126438140869141,0.046087246388196945,0.5614840388298035,0.5499346852302551,0.18410779535770416,0.21311911940574646,0.6566410660743713,0.8346489667892456,0.8308509588241577,0.5372341871261597,0.7662103176116943,0.5872364640235901,0.2940022051334381,0.7038019299507141,0.6265714764595032,0.7528597712516785,0.37755879759788513,0.7676256895065308,0.5614028573036194,0.7714269757270813,0.8906850218772888,0.31873834133148193,0.646166980266571,0.5619680285453796,0.4665314555168152,0.21246853470802307,0.47180554270744324,0.3324042856693268,0.21983014047145844,0.24257205426692963,0.42287933826446533,0.46125954389572144,0.37752166390419006,0.724689781665802,0.688751220703125,0.4418836236000061,0.5965747237205505,0.8428063988685608,0.0,0.3467490077018738,0.1819780319929123,0.46957239508628845,0.6341530680656433,0.6636711359024048,0.7550777792930603,0.45818954706192017,0.4860450029373169,0.07872246950864792,0.6080195307731628,0.6126073598861694,0.6964158415794373,0.7864548563957214,0.0,0.7198140621185303,0.38754796981811523,0.1468050181865692,0.6011045575141907,0.6606703400611877,0.5312589406967163,0.5587820410728455,0.7429441213607788,0.3264414370059967,0.817865788936615,0.7763690948486328,0.0,0.8617831468582153,0.7408155798912048,0.5326842665672302,0.5439922213554382,0.4904952347278595,0.7125189900398254,0.45740222930908203,0.5500218272209167,0.7771208882331848,0.7426348924636841,0.0,0.30729612708091736,0.09000279009342194,0.13933065533638,0.27842071652412415,5.193415745452512e-06,0.0275734756141901
156,N/A,N/A,N/A,N/A,N/A,N/A,N/A,N/A,N/A,N/A,N/A,N/A,N/A,N/A,N/A,N/A,N/A,N/A,N/A,N/A,N/A,N/A,N/A,N/A,N/A,N/A,N/A,N/A,N/A,N/A,N/A,N/A,N/A,N/A,N/A,N/A,N/A,N/A,N/A,N/A,N/A,N/A,N/A,N/A,N/A,N/A,N/A,N/A,N/A,N/A,N/A,N/A,N/A,N/A,N/A,N/A,N/A,N/A,N/A,N/A,N/A,N/A,N/A,N/A,N/A,N/A,N/A,N/A,N/A,N/A,N/A,N/A,N/A,N/A,N/A,N/A,N/A,N/A,N/A,N/A,N/A,N/A,N/A,N/A,N/A,N/A,N/A,N/A,N/A,N/A,N/A,N/A,N/A,N/A,N/A,N/A,N/A,N/A,N/A,N/A,N/A,N/A,N/A,N/A
157,N/A,N/A,N/A,N/A,N/A,N/A,N/A,N/A,N/A,N/A,N/A,N/A,N/A,N/A,N/A,N/A,N/A,N/A,N/A,N/A,N/A,N/A,N/A,N/A,N/A,N/A,N/A,N/A,N/A,N/A,N/A,N/A,N/A,N/A,N/A,N/A,N/A,N/A,N/A,N/A,N/A,N/A,N/A,N/A,N/A,N/A,N/A,N/A,N/A,N/A,N/A,N/A,N/A,N/A,N/A,N/A,N/A,N/A,N/A,N/A,N/A,N/A,N/A,N/A,N/A,N/A,N/A,N/A,N/A,N/A,N/A,N/A,N/A,N/A,N/A,N/A,N/A,N/A,N/A,N/A,N/A,N/A,N/A,N/A,N/A,N/A,N/A,N/A,N/A,N/A,N/A,N/A,N/A,N/A,N/A,N/A,N/A,N/A,N/A,N/A,N/A,N/A,N/A,N/A
158,N/A,N/A,N/A,N/A,N/A,N/A,N/A,N/A,N/A,N/A,N/A,N/A,N/A,N/A,N/A,N/A,N/A,N/A,N/A,N/A,N/A,N/A,N/A,N/A,N/A,N/A,N/A,N/A,N/A,N/A,N/A,N/A,N/A,N/A,N/A,N/A,N/A,N/A,N/A,N/A,N/A,N/A,N/A,N/A,N/A,N/A,N/A,N/A,N/A,N/A,N/A,N/A,N/A,N/A,N/A,N/A,N/A,N/A,N/A,N/A,N/A,N/A,N/A,N/A,N/A,N/A,N/A,N/A,N/A,N/A,N/A,N/A,N/A,N/A,N/A,N/A,N/A,N/A,N/A,N/A,N/A,N/A,N/A,N/A,N/A,N/A,N/A,N/A,N/A,N/A,N/A,N/A,N/A,N/A,N/A,N/A,N/A,N/A,N/A,N/A,N/A,N/A,N/A,N/A
159,N/A,N/A,N/A,N/A,N/A,N/A,N/A,N/A,N/A,N/A,N/A,N/A,N/A,N/A,N/A,N/A,N/A,N/A,N/A,N/A,N/A,N/A,N/A,N/A,N/A,N/A,N/A,N/A,N/A,N/A,N/A,N/A,N/A,N/A,N/A,N/A,N/A,N/A,N/A,N/A,N/A,N/A,N/A,N/A,N/A,N/A,N/A,N/A,N/A,N/A,N/A,N/A,N/A,N/A,N/A,N/A,N/A,N/A,N/A,N/A,N/A,N/A,N/A,N/A,N/A,N/A,N/A,N/A,N/A,N/A,N/A,N/A,N/A,N/A,N/A,N/A,N/A,N/A,N/A,N/A,N/A,N/A,N/A,N/A,N/A,N/A,N/A,N/A,N/A,N/A,N/A,N/A,N/A,N/A,N/A,N/A,N/A,N/A,N/A,N/A,N/A,N/A,N/A,N/A
160,0.9124312996864319,0.5547511577606201,0.0,0.6813749074935913,0.24690759181976318,0.5884859561920166,0.8202141523361206,0.0,0.5150148272514343,0.15558791160583496,0.4581752419471741,0.37043049931526184,0.5453535318374634,0.5484695434570312,0.5350160598754883,0.5001253485679626,0.06003887951374054,0.5812294483184814,0.4197985529899597,0.3414067327976227,0.42565715312957764,0.42426201701164246,0.5287308692932129,0.16087038815021515,0.5684650540351868,0.5516910552978516,0.1600240170955658,0.24022558331489563,0.6389029026031494,0.839778482913971,0.8311693668365479,0.5315319299697876,0.7567548751831055,0.5860313773155212,0.2804099917411804,0.7044495344161987,0.671626091003418,0.7654650807380676,0.377983957529068,0.7727975249290466,0.5665836930274963,0.7753546237945557,0.8682113885879517,0.3126665949821472,0.6431880593299866,0.562717616558075,0.46653130650520325,0.2188093513250351,0.48303309082984924,0.32661762833595276,0.23735880851745605,0.2471272200345993,0.4262496829032898,0.4868382513523102,0.3784506022930145,0.7410890460014343,0.6889791488647461,0.48553505539894104,0.601749837398529,0.8422244191169739,0.0,0.33947429060935974,0.17734026908874512,0.4448409378528595,0.6508753299713135,0.6699696183204651,0.7529581189155579,0.4528850018978119,0.49157077074050903,0.08024981617927551,0.6067200899124146,0.617447555065155,0.7093035578727722,0.7803685069084167,0.0,0.7281975746154785,0.38784608244895935,0.1288108378648758,0.6447924375534058,0.645765483379364,0.5263746976852417,0.5746737718582153,0.740325927734375,0.3393080532550812,0.8057635426521301,0.792352020740509,0.0,0.8611654043197632,0.7335259318351746,0.5241782069206238,0.540230929851532,0.48468175530433655,0.6825329065322876,0.4572102427482605,0.537852942943573,0.7690157890319824,0.7399023175239563,0.0,0.317526638507843,0.13140670955181122,0.1768728345632553,0.27222496271133423,0.0,0.026963457465171814
161,N/A,N/A,N/A,N/A,N/A,N/A,N/A,N/A,N/A,N/A,N/A,N/A,N/A,N/A,N/A,N/A,N/A,N/A,N/A,N/A,N/A,N/A,N/A,N/A,N/A,N/A,N/A,N/A,N/A,N/A,N/A,N/A,N/A,N/A,N/A,N/A,N/A,N/A,N/A,N/A,N/A,N/A,N/A,N/A,N/A,N/A,N/A,N/A,N/A,N/A,N/A,N/A,N/A,N/A,N/A,N/A,N/A,N/A,N/A,N/A,N/A,N/A,N/A,N/A,N/A,N/A,N/A,N/A,N/A,N/A,N/A,N/A,N/A,N/A,N/A,N/A,N/A,N/A,N/A,N/A,N/A,N/A,N/A,N/A,N/A,N/A,N/A,N/A,N/A,N/A,N/A,N/A,N/A,N/A,N/A,N/A,N/A,N/A,N/A,N/A,N/A,N/A,N/A,N/A
162,N/A,N/A,N/A,N/A,N/A,N/A,N/A,N/A,N/A,N/A,N/A,N/A,N/A,N/A,N/A,N/A,N/A,N/A,N/A,N/A,N/A,N/A,N/A,N/A,N/A,N/A,N/A,N/A,N/A,N/A,N/A,N/A,N/A,N/A,N/A,N/A,N/A,N/A,N/A,N/A,N/A,N/A,N/A,N/A,N/A,N/A,N/A,N/A,N/A,N/A,N/A,N/A,N/A,N/A,N/A,N/A,N/A,N/A,N/A,N/A,N/A,N/A,N/A,N/A,N/A,N/A,N/A,N/A,N/A,N/A,N/A,N/A,N/A,N/A,N/A,N/A,N/A,N/A,N/A,N/A,N/A,N/A,N/A,N/A,N/A,N/A,N/A,N/A,N/A,N/A,N/A,N/A,N/A,N/A,N/A,N/A,N/A,N/A,N/A,N/A,N/A,N/A,N/A,N/A
163,N/A,N/A,N/A,N/A,N/A,N/A,N/A,N/A,N/A,N/A,N/A,N/A,N/A,N/A,N/A,N/A,N/A,N/A,N/A,N/A,N/A,N/A,N/A,N/A,N/A,N/A,N/A,N/A,N/A,N/A,N/A,N/A,N/A,N/A,N/A,N/A,N/A,N/A,N/A,N/A,N/A,N/A,N/A,N/A,N/A,N/A,N/A,N/A,N/A,N/A,N/A,N/A,N/A,N/A,N/A,N/A,N/A,N/A,N/A,N/A,N/A,N/A,N/A,N/A,N/A,N/A,N/A,N/A,N/A,N/A,N/A,N/A,N/A,N/A,N/A,N/A,N/A,N/A,N/A,N/A,N/A,N/A,N/A,N/A,N/A,N/A,N/A,N/A,N/A,N/A,N/A,N/A,N/A,N/A,N/A,N/A,N/A,N/A,N/A,N/A,N/A,N/A,N/A,N/A
164,N/A,N/A,N/A,N/A,N/A,N/A,N/A,N/A,N/A,N/A,N/A,N/A,N/A,N/A,N/A,N/A,N/A,N/A,N/A,N/A,N/A,N/A,N/A,N/A,N/A,N/A,N/A,N/A,N/A,N/A,N/A,N/A,N/A,N/A,N/A,N/A,N/A,N/A,N/A,N/A,N/A,N/A,N/A,N/A,N/A,N/A,N/A,N/A,N/A,N/A,N/A,N/A,N/A,N/A,N/A,N/A,N/A,N/A,N/A,N/A,N/A,N/A,N/A,N/A,N/A,N/A,N/A,N/A,N/A,N/A,N/A,N/A,N/A,N/A,N/A,N/A,N/A,N/A,N/A,N/A,N/A,N/A,N/A,N/A,N/A,N/A,N/A,N/A,N/A,N/A,N/A,N/A,N/A,N/A,N/A,N/A,N/A,N/A,N/A,N/A,N/A,N/A,N/A,N/A
165,0.9119880795478821,0.560214638710022,0.0,0.6821965575218201,0.25819361209869385,0.5817561745643616,0.8810068964958191,0.0,0.5139032006263733,0.14292936027050018,0.45438337326049805,0.38343143463134766,0.5496012568473816,0.5408570766448975,0.5456261038780212,0.4951342046260834,0.07557206600904465,0.5738324522972107,0.41524094343185425,0.28052863478660583,0.4371737241744995,0.4595414698123932,0.5124580264091492,0.17827263474464417,0.5637413263320923,0.5590651631355286,0.17760276794433594,0.23508791625499725,0.6539185047149658,0.8387064337730408,0.8256736993789673,0.5432367324829102,0.7658277750015259,0.5921586751937866,0.28333401679992676,0.7051219344139099,0.6604915857315063,0.7757759094238281,0.35007691383361816,0.7623496651649475,0.5618970394134521,0.7769912481307983,0.8711737990379333,0.2816486656665802,0.639513373374939,0.5461647510528564,0.4645393490791321,0.2247125655412674,0.48301345109939575,0.32088446617126465,0.23314043879508972,0.22745825350284576,0.41863855719566345,0.4916292726993561,0.36438971757888794,0.7424457669258118,0.6892035603523254,0.47208595275878906,0.5971035957336426,0.8356418609619141,0.0,0.35855546593666077,0.1796318143606186,0.4406595826148987,0.6454670429229736,0.6674427390098572,0.7592352032661438,0.4530414938926697,0.4933503568172455,0.07998883724212646,0.6059422492980957,0.618521511554718,0.7065524458885193,0.7803815603256226,0.0,0.7205823063850403,0.3860820233821869,0.14314834773540497,0.6661481261253357,0.6317055225372314,0.5291481018066406,0.5568907856941223,0.73574298620224,0.3269483745098114,0.8149001598358154,0.779369056224823,0.0,0.8581828474998474,0.7411388158798218,0.5305048823356628,0.5400097370147705,0.48324039578437805,0.6828547120094299,0.45672595500946045,0.5392850637435913,0.7859216928482056,0.7358073592185974,0.0,0.29860514402389526,0.15431904792785645,0.14187918603420258,0.27698373794555664,0.0,0.027155205607414246
166,N/A,N/A,N/A,N/A,N/A,N/A,N/A,N/A,N/A,N/A,N/A,N/A,N/A,N/A,N/A,N/A,N/A,N/A,N/A,N/A,N/A,N/A,N/A,N/A,N/A,N/A,N/A,N/A,N/A,N/A,N/A,N/A,N/A,N/A,N/A,N/A,N/A,N/A,N/A,N/A,N/A,N/A,N/A,N/A,N/A,N/A,N/A,N/A,N/A,N/A,N/A,N/A,N/A,N/A,N/A,N/A,N/A,N/A,N/A,N/A,N/A,N/A,N/A,N/A,N/A,N/A,N/A,N/A,N/A,N/A,N/A,N/A,N/A,N/A,N/A,N/A,N/A,N/A,N/A,N/A,N/A,N/A,N/A,N/A,N/A,N/A,N/A,N/A,N/A,N/A,N/A,N/A,N/A,N/A,N/A,N/A,N/A,N/A,N/A,N/A,N/A,N/A,N/A,N/A
167,N/A,N/A,N/A,N/A,N/A,N/A,N/A,N/A,N/A,N/A,N/A,N/A,N/A,N/A,N/A,N/A,N/A,N/A,N/A,N/A,N/A,N/A,N/A,N/A,N/A,N/A,N/A,N/A,N/A,N/A,N/A,N/A,N/A,N/A,N/A,N/A,N/A,N/A,N/A,N/A,N/A,N/A,N/A,N/A,N/A,N/A,N/A,N/A,N/A,N/A,N/A,N/A,N/A,N/A,N/A,N/A,N/A,N/A,N/A,N/A,N/A,N/A,N/A,N/A,N/A,N/A,N/A,N/A,N/A,N/A,N/A,N/A,N/A,N/A,N/A,N/A,N/A,N/A,N/A,N/A,N/A,N/A,N/A,N/A,N/A,N/A,N/A,N/A,N/A,N/A,N/A,N/A,N/A,N/A,N/A,N/A,N/A,N/A,N/A,N/A,N/A,N/A,N/A,N/A
168,N/A,N/A,N/A,N/A,N/A,N/A,N/A,N/A,N/A,N/A,N/A,N/A,N/A,N/A,N/A,N/A,N/A,N/A,N/A,N/A,N/A,N/A,N/A,N/A,N/A,N/A,N/A,N/A,N/A,N/A,N/A,N/A,N/A,N/A,N/A,N/A,N/A,N/A,N/A,N/A,N/A,N/A,N/A,N/A,N/A,N/A,N/A,N/A,N/A,N/A,N/A,N/A,N/A,N/A,N/A,N/A,N/A,N/A,N/A,N/A,N/A,N/A,N/A,N/A,N/A,N/A,N/A,N/A,N/A,N/A,N/A,N/A,N/A,N/A,N/A,N/A,N/A,N/A,N/A,N/A,N/A,N/A,N/A,N/A,N/A,N/A,N/A,N/A,N/A,N/A,N/A,N/A,N/A,N/A,N/A,N/A,N/A,N/A,N/A,N/A,N/A,N/A,N/A,N/A
169,N/A,N/A,N/A,N/A,N/A,N/A,N/A,N/A,N/A,N/A,N/A,N/A,N/A,N/A,N/A,N/A,N/A,N/A,N/A,N/A,N/A,N/A,N/A,N/A,N/A,N/A,N/A,N/A,N/A,N/A,N/A,N/A,N/A,N/A,N/A,N/A,N/A,N/A,N/A,N/A,N/A,N/A,N/A,N/A,N/A,N/A,N/A,N/A,N/A,N/A,N/A,N/A,N/A,N/A,N/A,N/A,N/A,N/A,N/A,N/A,N/A,N/A,N/A,N/A,N/A,N/A,N/A,N/A,N/A,N/A,N/A,N/A,N/A,N/A,N/A,N/A,N/A,N/A,N/A,N/A,N/A,N/A,N/A,N/A,N/A,N/A,N/A,N/A,N/A,N/A,N/A,N/A,N/A,N/A,N/A,N/A,N/A,N/A,N/A,N/A,N/A,N/A,N/A,N/A
170,0.923593282699585,0.5640307664871216,0.0,0.6888880729675293,0.25259673595428467,0.5979743599891663,0.8920546174049377,0.0,0.5215898752212524,0.14273859560489655,0.4586281180381775,0.39723050594329834,0.5493853092193604,0.5541783571243286,0.5455601811408997,0.48874208331108093,0.06742706894874573,0.5842707753181458,0.40278616547584534,0.3589698076248169,0.4328876733779907,0.4253864884376526,0.5688360333442688,0.05749116837978363,0.5562493801116943,0.5542899966239929,0.16635432839393616,0.19582517445087433,0.6474883556365967,0.8491452932357788,0.8503201007843018,0.5447916388511658,0.7869997620582581,0.5927263498306274,0.27392953634262085,0.7148922085762024,0.648037850856781,0.7846775054931641,0.4059273898601532,0.7981308698654175,0.5700161457061768,0.785735011100769,0.8909869194030762,0.28611549735069275,0.6436434984207153,0.5562539100646973,0.46965938806533813,0.20974142849445343,0.48267480731010437,0.32604503631591797,0.22044163942337036,0.20793099701404572,0.43187516927719116,0.4842778742313385,0.35253527760505676,0.7531991004943848,0.6986451745033264,0.4721929728984833,0.6017214059829712,0.8497763872146606,0.0,0.30676376819610596,0.17828813195228577,0.4028483033180237,0.6577762961387634,0.6864949464797974,0.7596643567085266,0.4538861811161041,0.47770652174949646,0.07410383969545364,0.617335855960846,0.614759624004364,0.7126429677009583,0.8007336854934692,0.0,0.7219073176383972,0.4010259807109833,0.15623001754283905,0.6524906158447266,0.6639675498008728,0.5355316400527954,0.5508272051811218,0.7488529086112976,0.3487115502357483,0.8307819366455078,0.8066084980964661,0.0,0.8800089359283447,0.7580319046974182,0.5470736622810364,0.5503592491149902,0.49553972482681274,0.7045343518257141,0.4697948098182678,0.5746023654937744,0.8003573417663574,0.7631127834320068,0.0,0.3312526047229767,0.3712701201438904,0.2227160781621933,0.2689100205898285,0.0,0.027675718069076538
171,0.923539936542511,0.560134768486023,0.0,0.6898834109306335,0.25736117362976074,0.5984229445457458,0.8897451162338257,0.0,0.5205613374710083,0.14437006413936615,0.4557687044143677,0.40001747012138367,0.5480159521102905,0.5518190860748291,0.5439003705978394,0.45938101410865784,0.06316382437944412,0.57405686378479,0.4098311960697174,0.3579297959804535,0.44032517075538635,0.4287202060222626,0.5740469694137573,0.11120421439409256,0.5604273080825806,0.5575817227363586,0.1679404228925705,0.2040039300918579,0.6514138579368591,0.8512168526649475,0.8483133316040039,0.5437262058258057,0.7880794405937195,0.5993016958236694,0.2760683596134186,0.7165883779525757,0.6517355442047119,0.7865353226661682,0.40047165751457214,0.8054025769233704,0.5664034485816956,0.7862775325775146,0.8868093490600586,0.2942968010902405,0.6516458988189697,0.5556949377059937,0.4697761833667755,0.2138952612876892,0.4802503287792206,0.32677704095840454,0.22200435400009155,0.1909860372543335,0.4328401982784271,0.4783255159854889,0.3566161096096039,0.7569682598114014,0.6982725858688354,0.46518662571907043,0.6027071475982666,0.8521174788475037,0.0,0.3175334334373474,0.18817348778247833,0.3921143710613251,0.6484439373016357,0.6819815635681152,0.7620683312416077,0.45802202820777893,0.4772936701774597,0.0755450576543808,0.6163449883460999,0.6235841512680054,0.7102124691009521,0.7972832918167114,0.0,0.7265664935112,0.39740225672721863,0.1573399007320404,0.635720431804657,0.6677277088165283,0.5324668288230896,0.5448638200759888,0.7497742772102356,0.3453865349292755,0.830631673336029,0.8124616742134094,0.0,0.881337583065033,0.7484539151191711,0.543289840221405,0.550773561000824,0.49471694231033325,0.6810051798820496,0.47879043221473694,0.5747607350349426,0.8000147342681885,0.7616753578186035,0.0,0.3231079876422882,0.4408692717552185,0.22160817682743073,0.2704668343067169,0.0,0.026131024584174156
172,0.925436794757843,0.5614196062088013,0.0,0.6920436024665833,0.25872576236724854,0.6028684973716736,0.8857424259185791,0.0,0.5227689743041992,0.14608539640903473,0.45314839482307434,0.3990480303764343,0.550331711769104,0.5507237315177917,0.5458556413650513,0.49257564544677734,0.06593570858240128,0.5795557498931885,0.4128449857234955,0.3549000918865204,0.45147424936294556,0.4311070144176483,0.5852940082550049,0.11536882817745209,0.5569137930870056,0.562482476234436,0.16641247272491455,0.19800949096679688,0.6590480208396912,0.8510069847106934,0.8483362793922424,0.5415548086166382,0.7859205007553101,0.5929808020591736,0.288664311170578,0.7169783711433411,0.6585527062416077,0.7843791246414185,0.40016746520996094,0.8051593899726868,0.5640998482704163,0.7847422361373901,0.8908991813659668,0.2965615391731262,0.6453498005867004,0.5556552410125732,0.47096678614616394,0.20783773064613342,0.4796176254749298,0.3286148011684418,0.22487610578536987,0.2101271003484726,0.42908549308776855,0.4672043025493622,0.3497569262981415,0.7522287964820862,0.6970057487487793,0.47057896852493286,0.6012804508209229,0.8508476614952087,0.0,0.32121482491493225,0.18534645438194275,0.40945330262184143,0.6493454575538635,0.6854685544967651,0.7596613764762878,0.4551622271537781,0.4760455787181854,0.07754923403263092,0.6162510514259338,0.6074955463409424,0.715258002281189,0.8066676259040833,0.0,0.7180120348930359,0.40145343542099,0.17454975843429565,0.625690221786499,0.661770224571228,0.5341256260871887,0.558525025844574,0.7502256631851196,0.3510446548461914,0.8388339877128601,0.8109332919120789,0.0,0.8814240097999573,0.7562717795372009,0.5464358925819397,0.5543231964111328,0.49201589822769165,0.6987306475639343,0.4754570424556732,0.5739673376083374,0.8055463433265686,0.7629430890083313,0.0,0.32119059562683105,0.4507436156272888,0.21580973267555237,0.2736659348011017,0.0,0.027145927771925926
173,0.9249719381332397,0.5620115995407104,0.0,0.6937212347984314,0.25560981035232544,0.6030812859535217,0.885875940322876,0.0,0.521204948425293,0.14846892654895782,0.45334774255752563,0.39952370524406433,0.549413800239563,0.5509700179100037,0.5445210337638855,0.4857461750507355,0.05993182584643364,0.5840045213699341,0.407260000705719,0.36054694652557373,0.440615177154541,0.4242863953113556,0.585222601890564,0.12188385426998138,0.5536423921585083,0.5647143721580505,0.15992896258831024,0.18773595988750458,0.6617773771286011,0.8507069945335388,0.8520562648773193,0.5421144366264343,0.7886649966239929,0.5944937467575073,0.2874239385128021,0.7181373834609985,0.6696591377258301,0.7878841161727905,0.4022597074508667,0.8134064078330994,0.561543881893158,0.7859644889831543,0.8919736742973328,0.29302626848220825,0.6536346673965454,0.5682511925697327,0.47023600339889526,0.21685191988945007,0.4811035394668579,0.33112403750419617,0.22725321352481842,0.20917584002017975,0.42911025881767273,0.46890196204185486,0.3589041531085968,0.7501232028007507,0.6960907578468323,0.47562840580940247,0.600825846195221,0.8517294526100159,0.0,0.32955098152160645,0.18653053045272827,0.39980635046958923,0.6464865803718567,0.6826337575912476,0.7551389336585999,0.45409318804740906,0.4827937185764313,0.0750977024435997,0.6153783798217773,0.597797155380249,0.7091080546379089,0.8011802434921265,0.0,0.714013397693634,0.3983572721481323,0.17529721558094025,0.6438180804252625,0.6649892926216125,0.5340632796287537,0.5602599382400513,0.7517814636230469,0.34500905871391296,0.8400874733924866,0.8081472516059875,0.0,0.8802036643028259,0.7562138438224792,0.5460907220840454,0.5533930659294128,0.4858667552471161,0.7003517746925354,0.47495928406715393,0.5797222852706909,0.8013717532157898,0.7645342946052551,0.0,0.3192806541919708,0.3767431676387787,0.21095408499240875,0.27458369731903076,0.0,0.026581063866615295
174,0.9255368709564209,0.5602887868881226,0.0,0.6909217238426208,0.2578584849834442,0.6026923656463623,0.8881630301475525,0.0,0.5196278095245361,0.14920054376125336,0.4553341269493103,0.39482396841049194,0.5512903928756714,0.553264319896698,0.5444648861885071,0.48170918226242065,0.06469517201185226,0.5844751000404358,0.42017295956611633,0.3553260862827301,0.44235149025917053,0.43017956614494324,0.5864514112472534,0.13391409814357758,0.5563324689865112,0.559826672077179,0.1678362786769867,0.18617258965969086,0.6516875624656677,0.8526655435562134,0.8503904342651367,0.5448282957077026,0.7842137813568115,0.5981939435005188,0.28519466519355774,0.7169622182846069,0.6599092483520508,0.781286895275116,0.40514546632766724,0.8086159825325012,0.5571558475494385,0.7855658531188965,0.8895986080169678,0.2824322581291199,0.644189715385437,0.569059431552887,0.4697742462158203,0.21653670072555542,0.48021167516708374,0.3264971971511841,0.23193636536598206,0.223313108086586,0.42877131700515747,0.4617035388946533,0.36822158098220825,0.7497024536132812,0.6957986354827881,0.47821545600891113,0.6034079790115356,0.854028046131134,0.0,0.32647109031677246,0.1910114735364914,0.38329368829727173,0.6434766054153442,0.6835520267486572,0.7584624290466309,0.4576561748981476,0.48113393783569336,0.07651463896036148,0.6225492358207703,0.5746448636054993,0.7101644277572632,0.8039899468421936,0.0,0.7170633673667908,0.39345917105674744,0.17299100756645203,0.6235230565071106,0.6655139327049255,0.5340574979782104,0.5648649334907532,0.7500779032707214,0.35027173161506653,0.8380059003829956,0.80608731508255,0.0,0.8801243305206299,0.7601182460784912,0.5485363006591797,0.5539067983627319,0.4882040321826935,0.6929669380187988,0.4732368588447571,0.5738323330879211,0.804311990737915,0.7619715332984924,0.0,0.314563512802124,0.47324880957603455,0.2206459790468216,0.27433085441589355,0.0,0.02672375552356243
175,0.925000786781311,0.5594215989112854,0.0,0.6888811588287354,0.25516897439956665,0.5984132289886475,0.8863374590873718,0.0,0.5178593993186951,0.14657223224639893,0.4557553231716156,0.39813587069511414,0.5521078705787659,0.5511883497238159,0.5425487756729126,0.47897231578826904,0.057554345577955246,0.571153998374939,0.4197055995464325,0.3568979501724243,0.4481685161590576,0.43072399497032166,0.5882142186164856,0.15728415548801422,0.5617347955703735,0.5635526180267334,0.16232751309871674,0.19396565854549408,0.6575365662574768,0.8533260226249695,0.855149507522583,0.5425599217414856,0.7888801097869873,0.5957762598991394,0.28199854493141174,0.7230535745620728,0.6640628576278687,0.7852254509925842,0.3964049518108368,0.8121012449264526,0.5636243224143982,0.7843925952911377,0.8948540091514587,0.291855126619339,0.6483144760131836,0.5746284127235413,0.46575888991355896,0.218936488032341,0.47862565517425537,0.32904598116874695,0.22807614505290985,0.21560633182525635,0.4315517842769623,0.4503253996372223,0.36492806673049927,0.7498506903648376,0.6954711675643921,0.4701264202594757,0.6051251292228699,0.8557525277137756,0.0,0.32505449652671814,0.18779045343399048,0.3695780634880066,0.6434067487716675,0.6840654015541077,0.7508941292762756,0.4606870710849762,0.47510722279548645,0.07476604729890823,0.6206023097038269,0.5930773615837097,0.7126173377037048,0.7989321351051331,0.0,0.7168405055999756,0.3958282470703125,0.18254850804805756,0.6196652054786682,0.6755053400993347,0.532552182674408,0.5859329104423523,0.7491838932037354,0.34219062328338623,0.8384596109390259,0.8022131323814392,0.0,0.8837578296661377,0.7566190361976624,0.5488492250442505,0.5581333637237549,0.48834723234176636,0.6931673288345337,0.47598904371261597,0.5707625150680542,0.8017842769622803,0.7583755850791931,0.0,0.3209570646286011,0.47666025161743164,0.2133295238018036,0.2696506083011627,0.0,0.027531258761882782
176,0.9250637292861938,0.5596228837966919,0.0,0.6867725253105164,0.24981388449668884,0.6044861674308777,0.8848041892051697,0.0,0.520962119102478,0.14311204850673676,0.4527302384376526,0.3958004415035248,0.5515286326408386,0.5526034832000732,0.5412391424179077,0.46231213212013245,0.06147424504160881,0.5705523490905762,0.4091314375400543,0.3532240688800812,0.4484739601612091,0.42791858315467834,0.5828080177307129,0.1548425704240799,0.5575416088104248,0.561606228351593,0.17147321999073029,0.18744035065174103,0.6560754179954529,0.8520033359527588,0.8527613878250122,0.5403493046760559,0.7880551218986511,0.5934580564498901,0.28471627831459045,0.7202088236808777,0.6565122008323669,0.7861656546592712,0.403159499168396,0.8074074983596802,0.5614963173866272,0.7795752286911011,0.8860897421836853,0.288562536239624,0.6508448719978333,0.5785420536994934,0.4674461781978607,0.21621592342853546,0.47875723242759705,0.32379916310310364,0.2206401526927948,0.20754113793373108,0.43145766854286194,0.46152254939079285,0.3587654232978821,0.7490828037261963,0.6957587599754333,0.4764789640903473,0.603997528553009,0.8542629480361938,0.0,0.32562774419784546,0.19287432730197906,0.37222087383270264,0.6394717693328857,0.6809853911399841,0.7586356401443481,0.4563586115837097,0.47238513827323914,0.07634975761175156,0.6196276545524597,0.6158670783042908,0.7145169377326965,0.7990169525146484,0.0,0.7215821743011475,0.3991222679615021,0.18329854309558868,0.6288183331489563,0.6654083728790283,0.5295897722244263,0.5619722008705139,0.7488753199577332,0.33563074469566345,0.8413578271865845,0.807896614074707,0.0,0.8827508091926575,0.7567192912101746,0.5472856760025024,0.5554718971252441,0.4846157431602478,0.7025270462036133,0.48001670837402344,0.5734041929244995,0.8031192421913147,0.7583330869674683,0.0,0.3111345171928406,0.4674317538738251,0.20459376275539398,0.2793900668621063,0.0,0.02709946222603321
177,0.9251848459243774,0.5613862872123718,0.0,0.6891663074493408,0.2494887411594391,0.6003727316856384,0.8835304379463196,0.0,0.5220584273338318,0.14440537989139557,0.4518392086029053,0.39162084460258484,0.5492663979530334,0.5552337169647217,0.5407969355583191,0.4601958692073822,0.05552142113447189,0.5750523805618286,0.40413689613342285,0.3584868609905243,0.4450884163379669,0.42413362860679626,0.5842341780662537,0.16574060916900635,0.5585999488830566,0.5583145618438721,0.17028097808361053,0.1869409680366516,0.660794198513031,0.8510530591011047,0.8505499958992004,0.5404778718948364,0.7932862043380737,0.5943849086761475,0.2828030586242676,0.7204305529594421,0.6586436033248901,0.7868773341178894,0.40154749155044556,0.8053107857704163,0.5671638250350952,0.7787850499153137,0.8885201811790466,0.28609731793403625,0.6523599028587341,0.5723205804824829,0.46773582696914673,0.22296403348445892,0.476593554019928,0.32651886343955994,0.22184330224990845,0.20354582369327545,0.4332725703716278,0.4590432047843933,0.3703177571296692,0.7497035264968872,0.6953045725822449,0.47457799315452576,0.6027190089225769,0.8542115688323975,0.0,0.32726821303367615,0.1868298500776291,0.38453659415245056,0.6429691314697266,0.6818535923957825,0.7605946063995361,0.4583662450313568,0.4704691767692566,0.07644249498844147,0.6200039386749268,0.6121068596839905,0.714695155620575,0.7984546422958374,0.0,0.7206936478614807,0.39932331442832947,0.16967475414276123,0.628991961479187,0.6600826382637024,0.529302179813385,0.5656709671020508,0.7504391670227051,0.33729419112205505,0.8398250937461853,0.8099567890167236,0.0,0.8834340572357178,0.7589020729064941,0.5482619404792786,0.5557634830474854,0.4862683117389679,0.6999406814575195,0.4738744795322418,0.5743091106414795,0.8057557344436646,0.7567970752716064,0.0,0.3153647482395172,0.4732954204082489,0.2165762484073639,0.2757855951786041,0.0,0.02692246064543724
178,0.9253453016281128,0.5615050196647644,0.0,0.6915568113327026,0.23996049165725708,0.6000139117240906,0.8829240202903748,0.0,0.523422122001648,0.14587858319282532,0.4521038234233856,0.3952416777610779,0.5480587482452393,0.5567528009414673,0.5390658974647522,0.4611322283744812,0.060657672584056854,0.5735945701599121,0.4022858142852783,0.3548092842102051,0.4458027780056,0.41491207480430603,0.5844554305076599,0.1758420318365097,0.5619640350341797,0.5595933198928833,0.16871124505996704,0.1897243708372116,0.6575402021408081,0.8504560589790344,0.8492037057876587,0.5396046042442322,0.7903215885162354,0.5953428149223328,0.28611788153648376,0.7239366173744202,0.6511014103889465,0.7857324481010437,0.40228399634361267,0.7981954216957092,0.5635261535644531,0.784093976020813,0.8893745541572571,0.2912309765815735,0.653216540813446,0.5650673508644104,0.46778011322021484,0.22442376613616943,0.4774610996246338,0.3290158212184906,0.21840399503707886,0.20895789563655853,0.4322507977485657,0.45904621481895447,0.37203848361968994,0.7456389665603638,0.6963059306144714,0.47748062014579773,0.6053091287612915,0.854091465473175,0.0,0.3170818090438843,0.19065135717391968,0.3825587034225464,0.6434684991836548,0.6800963878631592,0.7594138979911804,0.46344658732414246,0.4699505567550659,0.07571643590927124,0.6195393800735474,0.5800111889839172,0.708410918712616,0.7991485595703125,0.0,0.724579930305481,0.3952299654483795,0.17449890077114105,0.6283016800880432,0.6613124012947083,0.5322337746620178,0.5546457171440125,0.7490559220314026,0.34540340304374695,0.8392879962921143,0.8047189712524414,0.0,0.8792437314987183,0.7580079436302185,0.5479676723480225,0.5576494336128235,0.4925805926322937,0.6830422282218933,0.47253748774528503,0.572524905204773,0.8001366257667542,0.7581074237823486,0.0,0.31464147567749023,0.438373863697052,0.20658548176288605,0.2740831673145294,0.0,0.026225250214338303
179,0.9263984560966492,0.5664219856262207,0.0,0.6920016407966614,0.23993785679340363,0.599405825138092,0.8848785758018494,0.0,0.5217382907867432,0.14738520979881287,0.4505733549594879,0.3952738344669342,0.5452442765235901,0.5497875213623047,0.5406172275543213,0.44797787070274353,0.06676247715950012,0.5770823955535889,0.4069311320781708,0.36605599522590637,0.44547411799430847,0.4184144139289856,0.5865784883499146,0.21773894131183624,0.5585730671882629,0.5626053214073181,0.17349109053611755,0.18809638917446136,0.6544076800346375,0.8511417508125305,0.8490557670593262,0.5444786548614502,0.7926006317138672,0.600375235080719,0.2876549959182739,0.7227777242660522,0.6544651985168457,0.783290684223175,0.40703660249710083,0.8074538111686707,0.5590404272079468,0.7847030758857727,0.8902376890182495,0.2928553521633148,0.645118236541748,0.5642262101173401,0.4691073000431061,0.21662941575050354,0.47845759987831116,0.3236195147037506,0.23017379641532898,0.20141902565956116,0.43330010771751404,0.4586658179759979,0.36155569553375244,0.7493495941162109,0.696081817150116,0.4749787747859955,0.6038407683372498,0.8534572124481201,0.0,0.32576626539230347,0.1862732470035553,0.37997257709503174,0.6488723754882812,0.6844755411148071,0.7640632390975952,0.4612797498703003,0.46976563334465027,0.07545408606529236,0.6202554106712341,0.5910283923149109,0.7083021402359009,0.8015226125717163,0.0,0.7256659269332886,0.3959401249885559,0.17221136391162872,0.6221635937690735,0.6661350727081299,0.5297538042068481,0.5565272569656372,0.7495455741882324,0.3490155339241028,0.8380966186523438,0.8051411509513855,0.0,0.8816372156143188,0.7546000480651855,0.5459921360015869,0.5579099655151367,0.49251800775527954,0.6942054033279419,0.47276878356933594,0.5750613212585449,0.8032436370849609,0.7630049586296082,0.0,0.3133404552936554,0.4939870238304138,0.21629472076892853,0.27328601479530334,0.0,0.02710411325097084
180,0.9260910153388977,0.5648876428604126,0.0,0.6919042468070984,0.23821060359477997,0.5982232093811035,0.8825964331626892,0.0,0.523026168346405,0.14658324420452118,0.4524899125099182,0.3904919922351837,0.5417609214782715,0.5528553128242493,0.540597140789032,0.4629359245300293,0.059808313846588135,0.5813412070274353,0.3998255431652069,0.36979666352272034,0.443314790725708,0.4160202145576477,0.584735631942749,0.21678286790847778,0.561859130859375,0.5641840696334839,0.16045060753822327,0.18977828323841095,0.6565154194831848,0.8496394157409668,0.8496195077896118,0.5449328422546387,0.7915743589401245,0.6006391048431396,0.28540992736816406,0.7200731635093689,0.6540277600288391,0.7823511958122253,0.40514642000198364,0.8072808980941772,0.5628630518913269,0.7828423976898193,0.8849179744720459,0.29128122329711914,0.6464475989341736,0.5607810020446777,0.466457724571228,0.21744674444198608,0.4774966537952423,0.32924947142601013,0.22617590427398682,0.2062588483095169,0.4303326904773712,0.46095025539398193,0.360889196395874,0.749930202960968,0.6941778659820557,0.4722939133644104,0.603478193283081,0.8522798418998718,0.0,0.3224632740020752,0.18904156982898712,0.3879283368587494,0.6449755430221558,0.6843143105506897,0.7610607743263245,0.4612535834312439,0.4867526888847351,0.07514640688896179,0.6209008693695068,0.5737402439117432,0.7113311290740967,0.8032932281494141,0.0,0.72381591796875,0.39294809103012085,0.17229518294334412,0.618667721748352,0.6620057821273804,0.5315742492675781,0.5744640231132507,0.7521389126777649,0.3457915186882019,0.840621292591095,0.8077946305274963,0.0,0.881339967250824,0.7569131851196289,0.5479936599731445,0.5558699369430542,0.49677562713623047,0.6979328393936157,0.47511088848114014,0.5741182565689087,0.8031459450721741,0.7612141966819763,0.0,0.30224087834358215,0.4933994710445404,0.21285396814346313,0.2779918313026428,0.0,0.026951206848025322
181,0.9259164929389954,0.5634459853172302,0.0,0.6935496926307678,0.24133175611495972,0.5977774262428284,0.8820978999137878,0.0,0.5208989977836609,0.1475844532251358,0.451646089553833,0.3937344551086426,0.5490736961364746,0.5515915155410767,0.5411173701286316,0.46105802059173584,0.059702273458242416,0.5745609402656555,0.4000266492366791,0.35947662591934204,0.4425090253353119,0.4215932786464691,0.5841939449310303,0.2128431349992752,0.5597963333129883,0.5657067894935608,0.16803455352783203,0.18977737426757812,0.6554511785507202,0.8518062233924866,0.8547979593276978,0.5461422204971313,0.7883619666099548,0.5982511639595032,0.2859019339084625,0.7199065089225769,0.6557165384292603,0.7800540328025818,0.4062529504299164,0.8028011322021484,0.5606575012207031,0.7831488251686096,0.8913102746009827,0.28634852170944214,0.6435675621032715,0.5708001852035522,0.4664576053619385,0.2254537045955658,0.47617921233177185,0.3309294581413269,0.22235316038131714,0.21191897988319397,0.4343149960041046,0.45238956809043884,0.3626650273799896,0.7474284768104553,0.6945220828056335,0.47901415824890137,0.603815495967865,0.8525475263595581,0.0,0.32889804244041443,0.18872971832752228,0.38304194808006287,0.6415116786956787,0.6817819476127625,0.7597225308418274,0.46219563484191895,0.47872066497802734,0.07666007429361343,0.6187578439712524,0.5781256556510925,0.7121506929397583,0.803912878036499,0.0,0.723002552986145,0.395811527967453,0.16336463391780853,0.6212916970252991,0.6699902415275574,0.5285420417785645,0.5521921515464783,0.7509280443191528,0.3450110852718353,0.8403080701828003,0.8068070411682129,0.0,0.8838170766830444,0.7611607909202576,0.545935869216919,0.5585380792617798,0.48986271023750305,0.6993436217308044,0.47186240553855896,0.5747661590576172,0.8047850728034973,0.7628630995750427,0.0,0.3077896237373352,0.4975833296775818,0.20205575227737427,0.2758444547653198,0.0,0.027424154803156853
182,0.9250689148902893,0.5602821707725525,0.0,0.6934070587158203,0.24493961036205292,0.6004564762115479,0.882847011089325,0.0,0.5228838324546814,0.1440722495317459,0.4503472149372101,0.39283931255340576,0.546353816986084,0.5520322322845459,0.5426051616668701,0.47530725598335266,0.05862972140312195,0.5668381452560425,0.3910370469093323,0.35714393854141235,0.4469067454338074,0.42396360635757446,0.5833641886711121,0.20999875664710999,0.5645241737365723,0.5633686184883118,0.17246250808238983,0.19518664479255676,0.6548407673835754,0.8523856401443481,0.8555400967597961,0.5439276099205017,0.7888091206550598,0.5945793390274048,0.28300076723098755,0.7221118211746216,0.6586319804191589,0.7814159393310547,0.39994245767593384,0.7992115020751953,0.5652651786804199,0.7849751114845276,0.8918771147727966,0.29335495829582214,0.6453639268875122,0.5686054825782776,0.46836787462234497,0.21744228899478912,0.47813859581947327,0.3246646225452423,0.2222888022661209,0.21235501766204834,0.43194663524627686,0.4516500234603882,0.36448541283607483,0.7449984550476074,0.6955466866493225,0.4766646921634674,0.6050333976745605,0.8540958762168884,0.0,0.3270353674888611,0.18828891217708588,0.3889560103416443,0.6446321606636047,0.6815475225448608,0.7608731389045715,0.4600157141685486,0.4773435890674591,0.07588102668523788,0.6173582077026367,0.5857367515563965,0.7179021835327148,0.801293134689331,0.0,0.7289701700210571,0.3994790315628052,0.16545206308364868,0.6198083162307739,0.6596784591674805,0.5327355265617371,0.5715445280075073,0.7489672899246216,0.3455609977245331,0.8410933613777161,0.807923436164856,0.0,0.8810725212097168,0.7575290203094482,0.5467060208320618,0.5576657652854919,0.4920899271965027,0.6983484029769897,0.47384393215179443,0.5688395500183105,0.8028568625450134,0.7596244812011719,0.0,0.3118070662021637,0.42485758662223816,0.20674556493759155,0.2725366950035095,0.0,0.026943711563944817
183,0.925927996635437,0.5633083581924438,0.0,0.6947571635246277,0.24068525433540344,0.599220871925354,0.8815927505493164,0.0,0.5233206152915955,0.14594607055187225,0.45108696818351746,0.3943225145339966,0.5455427765846252,0.5509562492370605,0.5428685545921326,0.4668631851673126,0.058639708906412125,0.5696316957473755,0.39930522441864014,0.3579055070877075,0.4431683123111725,0.4226779639720917,0.5811358094215393,0.21682347357273102,0.5613051652908325,0.5636011958122253,0.17160339653491974,0.19722698628902435,0.6549212336540222,0.8517189025878906,0.8551758527755737,0.5459904670715332,0.7920584082603455,0.5965999960899353,0.282932847738266,0.7192571759223938,0.6571877598762512,0.7855961322784424,0.4011501371860504,0.8006690144538879,0.5647221803665161,0.7837560772895813,0.8942623138427734,0.29255974292755127,0.6519887447357178,0.5677338242530823,0.4682983458042145,0.21973896026611328,0.47820860147476196,0.32491278648376465,0.22356456518173218,0.21618986129760742,0.4306457042694092,0.4582586884498596,0.36314502358436584,0.749315083026886,0.695867121219635,0.48174962401390076,0.6039630174636841,0.8539931178092957,0.0,0.33029836416244507,0.18985097110271454,0.3956886827945709,0.6471292972564697,0.6853995323181152,0.7620146870613098,0.4593449831008911,0.4833601117134094,0.07581135630607605,0.6196714043617249,0.5876672267913818,0.7116074562072754,0.8002960681915283,0.0,0.7268151640892029,0.39733660221099854,0.16374069452285767,0.6212359666824341,0.6616146564483643,0.5334634184837341,0.5703346729278564,0.7492273449897766,0.3452740013599396,0.8431414365768433,0.8055281639099121,0.0,0.8835956454277039,0.7589560747146606,0.5473955273628235,0.5563920140266418,0.4927004873752594,0.7012146711349487,0.47558164596557617,0.5642527937889099,0.8056705594062805,0.7610063552856445,0.0,0.3150126039981842,0.4661419093608856,0.20893700420856476,0.27120253443717957,0.0,0.0274402666836977
184,0.9261982440948486,0.5647407174110413,0.0,0.6918182969093323,0.24297654628753662,0.597221314907074,0.8810791969299316,0.0,0.5228213667869568,0.14515188336372375,0.4534192979335785,0.3948466181755066,0.5477896332740784,0.5490515232086182,0.5421411991119385,0.46847864985466003,0.05791286751627922,0.5704458951950073,0.39705637097358704,0.36483725905418396,0.4433159828186035,0.4179302752017975,0.5847890377044678,0.22810092568397522,0.5581890344619751,0.5608140230178833,0.16618084907531738,0.1919109970331192,0.6524267196655273,0.8515325784683228,0.8538246750831604,0.5439853668212891,0.7889131903648376,0.5967305898666382,0.2831740081310272,0.7182185053825378,0.6561056971549988,0.782365083694458,0.3995493948459625,0.7984347939491272,0.5653663873672485,0.7826385498046875,0.8937221765518188,0.29273688793182373,0.6483328342437744,0.5691205859184265,0.468942791223526,0.2176208645105362,0.477512925863266,0.3285383880138397,0.22924531996250153,0.21610844135284424,0.43230459094047546,0.46138128638267517,0.3680724799633026,0.7489620447158813,0.6945001482963562,0.48297420144081116,0.6057377457618713,0.8539647459983826,0.0,0.3302215039730072,0.18803833425045013,0.3980277180671692,0.6480749249458313,0.6840044856071472,0.7610980272293091,0.46084246039390564,0.4779737889766693,0.07675565034151077,0.6197047829627991,0.5847353935241699,0.7193920612335205,0.8013203144073486,0.0,0.7265436053276062,0.3927170932292938,0.16603296995162964,0.6240041851997375,0.6628285050392151,0.5318419337272644,0.5731488466262817,0.749332845211029,0.3473399877548218,0.8409963250160217,0.8059066534042358,0.0,0.8835619688034058,0.7597271203994751,0.5477668046951294,0.5563908219337463,0.4911862313747406,0.7030588388442993,0.47358474135398865,0.5689243078231812,0.8023271560668945,0.7606950998306274,0.0,0.31408563256263733,0.5096651315689087,0.20812033116817474,0.2713622748851776,0.0,0.02735751122236252
185,0.9267861843109131,0.5642516613006592,0.0,0.6889985203742981,0.24890795350074768,0.6012127995491028,0.8806107640266418,0.0,0.5228772163391113,0.14458656311035156,0.4512239098548889,0.3894454538822174,0.5472405552864075,0.5521767139434814,0.5447136163711548,0.4789833724498749,0.055245332419872284,0.5711539387702942,0.3910970091819763,0.36343005299568176,0.44457530975341797,0.42063915729522705,0.5849618315696716,0.22973889112472534,0.5578621029853821,0.5622069239616394,0.16929374635219574,0.19420766830444336,0.6565101742744446,0.8518204092979431,0.8537795543670654,0.5446740388870239,0.7908046245574951,0.5963778495788574,0.284822553396225,0.7197717428207397,0.6543172597885132,0.7827973365783691,0.4000168442726135,0.8010889887809753,0.5623356699943542,0.7843866944313049,0.8938387632369995,0.2909112870693207,0.6483902335166931,0.5656701326370239,0.4688333570957184,0.217159241437912,0.47697582840919495,0.3246280252933502,0.22754858434200287,0.2082728147506714,0.4327767491340637,0.455714613199234,0.36196601390838623,0.7495794296264648,0.695661187171936,0.48405221104621887,0.6048609018325806,0.8536952137947083,0.0,0.3284478485584259,0.19121485948562622,0.3988245129585266,0.6449960470199585,0.6812871098518372,0.7608227729797363,0.458388090133667,0.4809584319591522,0.07766091823577881,0.6175594329833984,0.5760027170181274,0.7216119170188904,0.802179217338562,0.0,0.7271018028259277,0.39627310633659363,0.1711917370557785,0.6219526529312134,0.6602413058280945,0.5300883650779724,0.5717118382453918,0.7515177130699158,0.3464171886444092,0.8428049683570862,0.8057812452316284,0.0,0.8819595575332642,0.7610195875167847,0.5477638840675354,0.5565800666809082,0.48638755083084106,0.7057785391807556,0.47299715876579285,0.5658062100410461,0.8044573068618774,0.7610511779785156,0.0,0.312620609998703,0.45572954416275024,0.20754337310791016,0.27271392941474915,0.0,0.027720756828784943
186,0.9256390333175659,0.561568558216095,0.0,0.6889762282371521,0.2464902102947235,0.6007082462310791,0.8796151280403137,0.0,0.5211007595062256,0.14660777151584625,0.4520021677017212,0.3932639956474304,0.5479150414466858,0.5499638319015503,0.5432983636856079,0.4738874137401581,0.06040665879845619,0.5747207999229431,0.39765599370002747,0.36325889825820923,0.44515296816825867,0.4133927822113037,0.5835017561912537,0.20704171061515808,0.5569753646850586,0.5629745721817017,0.17054830491542816,0.19559769332408905,0.6548740267753601,0.8504906296730042,0.8534950017929077,0.5442821383476257,0.790203332901001,0.5972718596458435,0.28203555941581726,0.7197972536087036,0.6582605838775635,0.7811367511749268,0.40798476338386536,0.800408124923706,0.5609163045883179,0.7848959565162659,0.8926010131835938,0.2867484986782074,0.6457712054252625,0.5671530365943909,0.4698545038700104,0.21493758261203766,0.47652971744537354,0.3223303258419037,0.2286352813243866,0.21389387547969818,0.43172261118888855,0.4534896910190582,0.3625657856464386,0.7473499178886414,0.6957399249076843,0.4824928939342499,0.6052495241165161,0.8553916215896606,0.0,0.3281402885913849,0.19023843109607697,0.39657026529312134,0.6444432735443115,0.6829379200935364,0.7621904015541077,0.45826923847198486,0.48508313298225403,0.07489128410816193,0.6213659644126892,0.5730689167976379,0.7100365161895752,0.8020338416099548,0.0,0.7273299694061279,0.3921401798725128,0.16312430799007416,0.6255773901939392,0.658833384513855,0.5310639142990112,0.5673643350601196,0.751129686832428,0.3458428978919983,0.8427045345306396,0.8066442608833313,0.0,0.8830677270889282,0.7608087062835693,0.5471407175064087,0.5564504265785217,0.486340194940567,0.7001528143882751,0.4737050533294678,0.567343533039093,0.8032587170600891,0.7614654898643494,0.0,0.3126295804977417,0.4837295114994049,0.20051755011081696,0.2713663578033447,0.0,0.027210719883441925
187,0.926115095615387,0.562664806842804,0.0,0.6896962523460388,0.24652372300624847,0.6005192995071411,0.8813174962997437,0.0,0.5213121175765991,0.14400450885295868,0.4519505798816681,0.39303672313690186,0.5466182231903076,0.5520483255386353,0.5435438752174377,0.46828994154930115,0.05651581287384033,0.5742340683937073,0.40071457624435425,0.35938534140586853,0.44566312432289124,0.4158555567264557,0.58086758852005,0.2012704461812973,0.5622110366821289,0.5624470114707947,0.16953633725643158,0.1984967738389969,0.6577385067939758,0.8507354855537415,0.8531776666641235,0.5439558029174805,0.7891174554824829,0.5971800684928894,0.2818666398525238,0.7196072340011597,0.6578149199485779,0.783929169178009,0.4087577760219574,0.7993856072425842,0.5617274641990662,0.7850176692008972,0.8927614688873291,0.28796446323394775,0.6477920413017273,0.5699851512908936,0.4686521589756012,0.2205895036458969,0.4761340916156769,0.32606270909309387,0.22860553860664368,0.20833541452884674,0.43187010288238525,0.44900038838386536,0.36314666271209717,0.747681736946106,0.694983184337616,0.4818892180919647,0.6040967106819153,0.8557565212249756,0.0,0.32527515292167664,0.19239893555641174,0.3958710730075836,0.6446589231491089,0.6835200190544128,0.7604212760925293,0.45994943380355835,0.4863663613796234,0.0748167410492897,0.6216614246368408,0.5918029546737671,0.7197412848472595,0.8009212017059326,0.0,0.7269777655601501,0.3950299322605133,0.16733133792877197,0.6301601529121399,0.659382164478302,0.5309020280838013,0.5712622404098511,0.7529311180114746,0.34010040760040283,0.8434514999389648,0.8082190752029419,0.0,0.8838171362876892,0.7620513439178467,0.5478640198707581,0.5563480257987976,0.4861546456813812,0.7028917670249939,0.4722267687320709,0.568966805934906,0.8037129640579224,0.7613212466239929,0.0,0.3109453320503235,0.46966639161109924,0.20126710832118988,0.27162855863571167,0.0,0.027240119874477386
188,0.9264397025108337,0.5638293623924255,0.0,0.6885054111480713,0.24255485832691193,0.5997173190116882,0.8803733587265015,0.0,0.5211624503135681,0.14728760719299316,0.45331916213035583,0.39254504442214966,0.5449377298355103,0.552381694316864,0.5436406135559082,0.4705682098865509,0.05937911197543144,0.5764814019203186,0.4011293947696686,0.3624225854873657,0.44639021158218384,0.415719598531723,0.5833988785743713,0.20855329930782318,0.5605345964431763,0.5631225109100342,0.17276254296302795,0.20009149610996246,0.6567991375923157,0.8497714996337891,0.8519580364227295,0.544263482093811,0.7899135947227478,0.5972809791564941,0.28527164459228516,0.7202508449554443,0.6552005410194397,0.7841418981552124,0.4049846827983856,0.79762864112854,0.5630649328231812,0.7847983241081238,0.8924160003662109,0.29170626401901245,0.6490082740783691,0.567596435546875,0.4694225490093231,0.21833020448684692,0.4753502905368805,0.32364752888679504,0.22737692296504974,0.21377335488796234,0.43327751755714417,0.45500221848487854,0.36439016461372375,0.7489408254623413,0.6945778131484985,0.48176437616348267,0.605951726436615,0.8548938035964966,0.0,0.32702162861824036,0.1916540116071701,0.393868088722229,0.6467710137367249,0.6853989958763123,0.76230788230896,0.4595069885253906,0.4803331196308136,0.07542475312948227,0.620334804058075,0.591933012008667,0.7176899909973145,0.8026217818260193,0.0,0.7265186309814453,0.3923807442188263,0.1626180112361908,0.6246424913406372,0.6624775528907776,0.5307657122612,0.5749694108963013,0.7517933249473572,0.34480172395706177,0.844098687171936,0.805657148361206,0.0,0.8826684355735779,0.7618255019187927,0.5472075343132019,0.5580408573150635,0.4870200455188751,0.7043166160583496,0.4758656919002533,0.5688634514808655,0.8040560483932495,0.7628105282783508,0.0,0.31232979893684387,0.49382373690605164,0.2049226015806198,0.27130556106567383,0.0,0.02703077718615532
189,0.9271475672721863,0.5647422075271606,0.0,0.6891764402389526,0.24633991718292236,0.6002459526062012,0.8808546662330627,0.0,0.5209383368492126,0.1459229588508606,0.4530979096889496,0.3931271731853485,0.5459252595901489,0.5520868897438049,0.5440371632575989,0.47005224227905273,0.05765525996685028,0.5743690729141235,0.4024197459220886,0.3629401922225952,0.447365939617157,0.4196814298629761,0.5831905603408813,0.22683359682559967,0.5609810948371887,0.561247706413269,0.17331558465957642,0.20275744795799255,0.6522167921066284,0.8498325943946838,0.8502219915390015,0.5442221164703369,0.7891143560409546,0.5979094505310059,0.2867755889892578,0.7207266688346863,0.6519694924354553,0.7835187315940857,0.4044874310493469,0.7975431680679321,0.5617756843566895,0.7849111557006836,0.8915126919746399,0.28964823484420776,0.646865725517273,0.5656002759933472,0.46882364153862,0.21691256761550903,0.47677698731422424,0.32254165410995483,0.2309691309928894,0.21733440458774567,0.43229931592941284,0.45524412393569946,0.3613956868648529,0.7502126097679138,0.6945691108703613,0.48045995831489563,0.6050922870635986,0.8544997572898865,0.0,0.3286176919937134,0.190694659948349,0.39703571796417236,0.6476994752883911,0.684786319732666,0.7621550559997559,0.45903152227401733,0.48005080223083496,0.07736217975616455,0.6196626424789429,0.5937658548355103,0.7229729890823364,0.8015833497047424,0.0,0.7249178886413574,0.3921322524547577,0.1642802208662033,0.6264192461967468,0.6638591289520264,0.5311818718910217,0.5818356275558472,0.7504668831825256,0.34318193793296814,0.8446635007858276,0.8018205761909485,0.0,0.8838701248168945,0.761504054069519,0.5476872324943542,0.5597213506698608,0.4884774088859558,0.7035448551177979,0.47509217262268066,0.568837583065033,0.8030356168746948,0.7638502717018127,0.0,0.31443437933921814,0.4791560173034668,0.20751988887786865,0.27062609791755676,0.0,0.02702721394598484
190,0.9267575144767761,0.5641238689422607,0.0,0.688701331615448,0.24583490192890167,0.5990378856658936,0.880506157875061,0.0,0.5209199786186218,0.1440197080373764,0.45333799719810486,0.3935002088546753,0.5459465980529785,0.5519871115684509,0.5446896553039551,0.46993595361709595,0.05924247205257416,0.57463139295578,0.39720672369003296,0.3618491291999817,0.44694989919662476,0.4195484220981598,0.5815892815589905,0.22210189700126648,0.5594779849052429,0.5617862343788147,0.17007187008857727,0.20377781987190247,0.6552979946136475,0.850561261177063,0.8526760935783386,0.5440919399261475,0.790335476398468,0.5976306200027466,0.2842542827129364,0.7217020392417908,0.6549336910247803,0.7842002511024475,0.4023587703704834,0.7985696792602539,0.562208354473114,0.7858953475952148,0.89329594373703,0.29272300004959106,0.6482401490211487,0.5649427175521851,0.46870192885398865,0.217084601521492,0.4769362509250641,0.32408908009529114,0.22948817908763885,0.21807529032230377,0.4318728744983673,0.4559587836265564,0.3640458583831787,0.7493298053741455,0.6947423219680786,0.4769538342952728,0.6056675314903259,0.8546813726425171,0.0,0.3249998688697815,0.1900705248117447,0.39525121450424194,0.6466159820556641,0.6826217770576477,0.7610999345779419,0.4603813886642456,0.4805583953857422,0.07615471631288528,0.6203769445419312,0.5906471014022827,0.7215695381164551,0.8012515902519226,0.0,0.7255655527114868,0.39296770095825195,0.16093739867210388,0.6278769969940186,0.6605539321899414,0.5319581627845764,0.5828170776367188,0.7521061897277832,0.3418594300746918,0.8434745073318481,0.8043994903564453,0.0,0.8834674954414368,0.7615621089935303,0.5469866394996643,0.5579065084457397,0.4896409511566162,0.7048043012619019,0.47497522830963135,0.5659237504005432,0.8032131195068359,0.7623720765113831,0.0,0.3139202892780304,0.4612624943256378,0.20315729081630707,0.2717564105987549,0.0,0.02716064266860485
191,0.9264879822731018,0.5628916621208191,0.0,0.689190149307251,0.2469712793827057,0.6004346013069153,0.8798957467079163,0.0,0.5199708342552185,0.14425651729106903,0.45247313380241394,0.39356955885887146,0.5462245941162109,0.5514166355133057,0.5444274544715881,0.4692199230194092,0.056008230894804,0.5727196931838989,0.39431530237197876,0.3602815866470337,0.4464048445224762,0.41928261518478394,0.5798535943031311,0.2110392451286316,0.5607277750968933,0.5612289309501648,0.16946302354335785,0.20161211490631104,0.6555599570274353,0.8504195213317871,0.8527185320854187,0.5431014895439148,0.7900598645210266,0.5968503952026367,0.28373491764068604,0.7214704155921936,0.655078113079071,0.7851877808570862,0.40523821115493774,0.7990334033966064,0.5635567903518677,0.7855396270751953,0.8932009935379028,0.2890026569366455,0.6482347249984741,0.5637121200561523,0.4685100018978119,0.2197887897491455,0.47693929076194763,0.3244777321815491,0.22965586185455322,0.21587923169136047,0.43204838037490845,0.4555717706680298,0.3632236123085022,0.7484543919563293,0.694634199142456,0.4770512282848358,0.604247510433197,0.8547222018241882,0.0,0.3246515691280365,0.1916084736585617,0.39825132489204407,0.6457421183586121,0.6817917227745056,0.7616199254989624,0.45894402265548706,0.48208269476890564,0.07642501592636108,0.6206318140029907,0.5875575542449951,0.7200918197631836,0.8006711006164551,0.0,0.7249274253845215,0.39294588565826416,0.16563260555267334,0.6317728757858276,0.6585133671760559,0.5304569005966187,0.5828757286071777,0.7522238492965698,0.34289348125457764,0.8444880247116089,0.8070520162582397,0.0,0.8827043175697327,0.7616050243377686,0.5469804406166077,0.5568230748176575,0.4877849221229553,0.7040047645568848,0.47463905811309814,0.5658667087554932,0.8030939102172852,0.7614091634750366,0.0,0.3161768913269043,0.45622384548187256,0.20219124853610992,0.2706962525844574,0.0,0.027006816118955612
192,0.9266370534896851,0.5632270574569702,0.0,0.6871691346168518,0.2455829530954361,0.600084662437439,0.879998505115509,0.0,0.5208175182342529,0.14500872790813446,0.4528610408306122,0.3936328887939453,0.5457568764686584,0.5518412590026855,0.5442099571228027,0.4717940390110016,0.05322130769491196,0.5724246501922607,0.3962317407131195,0.35960549116134644,0.4457409381866455,0.41822993755340576,0.5816488862037659,0.21717113256454468,0.5623950958251953,0.5610707402229309,0.1683322936296463,0.20402678847312927,0.6539083123207092,0.8502635359764099,0.8535735011100769,0.5445277690887451,0.7907499670982361,0.5972639322280884,0.2860448360443115,0.7209902405738831,0.6513945460319519,0.7845093011856079,0.4032227396965027,0.7989659905433655,0.5652358531951904,0.785377025604248,0.8938987851142883,0.2884425222873688,0.64720618724823,0.5667930245399475,0.46865135431289673,0.22182810306549072,0.4767763614654541,0.32637855410575867,0.228827103972435,0.21759220957756042,0.4335971772670746,0.4530719518661499,0.36220383644104004,0.74908846616745,0.6944891214370728,0.47916164994239807,0.6052632331848145,0.8543833494186401,0.0,0.3267122209072113,0.19346103072166443,0.39677709341049194,0.6470184922218323,0.6830754280090332,0.7616772055625916,0.4597334861755371,0.4785754680633545,0.07670710235834122,0.6182673573493958,0.5845787525177002,0.7205691933631897,0.8004775643348694,0.0,0.7249515056610107,0.3921602666378021,0.1682365983724594,0.6280007362365723,0.6620932817459106,0.5307421684265137,0.5801073312759399,0.7523831725120544,0.3448124825954437,0.8446519374847412,0.8051323890686035,0.0,0.8825821876525879,0.7607862949371338,0.5480995178222656,0.5578694343566895,0.4868158996105194,0.7042192220687866,0.47499948740005493,0.5671049952507019,0.8025491237640381,0.7617131471633911,0.0,0.3160870671272278,0.48022040724754333,0.20466987788677216,0.27002984285354614,0.0,0.027022426947951317
193,0.9263895750045776,0.5626775026321411,0.0,0.6877500414848328,0.24526521563529968,0.6006302237510681,0.8802711963653564,0.0,0.5207879543304443,0.14487315714359283,0.4525602161884308,0.3937923312187195,0.5459957718849182,0.5516031980514526,0.5444698333740234,0.473651260137558,0.054540183395147324,0.5730123519897461,0.3960391879081726,0.35981613397598267,0.4462294578552246,0.41777512431144714,0.5796725153923035,0.21082636713981628,0.5618273615837097,0.5611291527748108,0.16963431239128113,0.20066772401332855,0.6546604633331299,0.850443422794342,0.8528505563735962,0.5439439415931702,0.7901246547698975,0.5971552729606628,0.285413533449173,0.7206635475158691,0.6518571972846985,0.7854178547859192,0.403960645198822,0.7980862855911255,0.5650790929794312,0.7855659127235413,0.892842173576355,0.28908976912498474,0.6484730243682861,0.5662352442741394,0.4689611494541168,0.22066231071949005,0.4774097502231598,0.32459649443626404,0.22968026995658875,0.21665187180042267,0.4330892860889435,0.45294874906539917,0.36359867453575134,0.7482903003692627,0.6944444179534912,0.4793834984302521,0.6049157381057739,0.8547515273094177,0.0,0.3273865580558777,0.1934068351984024,0.39471837878227234,0.6471680998802185,0.6833614110946655,0.7616778016090393,0.4587011933326721,0.478765606880188,0.0760841816663742,0.6184869408607483,0.5867423415184021,0.7224928736686707,0.8006014823913574,0.0,0.7261078953742981,0.3923341929912567,0.1655292958021164,0.631714403629303,0.6624072194099426,0.5314075946807861,0.5802941918373108,0.7522250413894653,0.3448869287967682,0.8440585136413574,0.8050941228866577,0.0,0.8828654885292053,0.7603693008422852,0.5484094619750977,0.5582424402236938,0.48707789182662964,0.7034534215927124,0.47447100281715393,0.5669431686401367,0.8021802306175232,0.7613651156425476,0.0,0.3154486119747162,0.4760285019874573,0.20322313904762268,0.27051830291748047,0.0,0.026840077713131905
194,0.926525890827179,0.5628838539123535,0.0,0.6875686049461365,0.24570190906524658,0.600604772567749,0.8801996111869812,0.0,0.5207175612449646,0.14504790306091309,0.45265325903892517,0.3934888541698456,0.5463376045227051,0.5518083572387695,0.5447165369987488,0.47561120986938477,0.055436063557863235,0.5742242336273193,0.39509880542755127,0.35837846994400024,0.4468495547771454,0.4190984070301056,0.5790871977806091,0.2083502858877182,0.562164306640625,0.5612149834632874,0.17056876420974731,0.20109543204307556,0.6551127433776855,0.850425660610199,0.8527975678443909,0.5436862707138062,0.7899606823921204,0.5967466831207275,0.2850770354270935,0.7205498814582825,0.6517906785011292,0.7854829430580139,0.4036150872707367,0.7980048656463623,0.5638933777809143,0.7852781414985657,0.8925055265426636,0.2891671359539032,0.6489505171775818,0.5656272172927856,0.46911919116973877,0.21913830935955048,0.4773249328136444,0.32437655329704285,0.22973667085170746,0.21538053452968597,0.4327358305454254,0.4520581066608429,0.36569470167160034,0.7481852769851685,0.6944103837013245,0.47989779710769653,0.6050564050674438,0.8547395467758179,0.0,0.3273571729660034,0.19327402114868164,0.3948158025741577,0.6472882032394409,0.6837154626846313,0.7615270614624023,0.45861464738845825,0.48077136278152466,0.07587984204292297,0.6188334822654724,0.584810197353363,0.721031129360199,0.8001932501792908,0.0,0.7267051339149475,0.3923104703426361,0.1653595119714737,0.6302406787872314,0.6621248126029968,0.5316644310951233,0.5798872709274292,0.7521171569824219,0.3451656103134155,0.8442225456237793,0.8048633337020874,0.0,0.8823429942131042,0.760333240032196,0.5484307408332825,0.5587982535362244,0.48738619685173035,0.7030160427093506,0.4740075469017029,0.5667853951454163,0.8024080991744995,0.7612279057502747,0.0,0.31353652477264404,0.4779885411262512,0.203266441822052,0.2720371186733246,0.0,0.027029715478420258
195,0.9266828894615173,0.5631045699119568,0.0,0.6874686479568481,0.2459980547428131,0.6005319952964783,0.880287766456604,0.0,0.5207170844078064,0.14514891803264618,0.4525725245475769,0.3932666480541229,0.5461048483848572,0.5517054200172424,0.5448265671730042,0.4750310480594635,0.056574106216430664,0.5737503170967102,0.3951506018638611,0.3576532304286957,0.44662609696388245,0.42088842391967773,0.5792836546897888,0.20998777449131012,0.5622442364692688,0.5615043044090271,0.1707993745803833,0.20046313107013702,0.6545596122741699,0.8502612709999084,0.852606475353241,0.5437032580375671,0.7904546856880188,0.5966500043869019,0.28577885031700134,0.7206836342811584,0.6518612504005432,0.7848464250564575,0.4040158987045288,0.7990923523902893,0.563742995262146,0.7852244973182678,0.892442524433136,0.28945356607437134,0.6479109525680542,0.5663559436798096,0.46918562054634094,0.21892976760864258,0.4771692156791687,0.3241305649280548,0.23059216141700745,0.21510080993175507,0.4327499568462372,0.45160627365112305,0.3644867241382599,0.7487178444862366,0.6942639946937561,0.4801922142505646,0.6051380038261414,0.8546091318130493,0.0,0.3263630270957947,0.19328944385051727,0.39737358689308167,0.6476003527641296,0.6839046478271484,0.7616085410118103,0.45914068818092346,0.4804476201534271,0.07630647718906403,0.6187170147895813,0.5851229429244995,0.7211233973503113,0.8003543019294739,0.0,0.7262483835220337,0.3928031027317047,0.16495923697948456,0.6307540535926819,0.6624155640602112,0.5315955877304077,0.5818722248077393,0.7520101070404053,0.345700740814209,0.8438494205474854,0.8053618669509888,0.0,0.8814588785171509,0.7605552673339844,0.5483607053756714,0.5587318539619446,0.48719510436058044,0.7036270499229431,0.47435295581817627,0.5672929286956787,0.8025842905044556,0.7609301805496216,0.0,0.31293901801109314,0.47938355803489685,0.2043747901916504,0.272220641374588,0.0,0.026985909789800644
196,0.9267082810401917,0.5632569789886475,0.0,0.6875101923942566,0.24570904672145844,0.6003063321113586,0.8804822564125061,0.0,0.5208205580711365,0.1451420933008194,0.45255205035209656,0.3931531012058258,0.546215832233429,0.5520495176315308,0.545100212097168,0.4767983555793762,0.05668528378009796,0.5740755796432495,0.395042359828949,0.3581635355949402,0.4467158615589142,0.4209408760070801,0.5793615579605103,0.20979838073253632,0.5629094839096069,0.5611904859542847,0.17070065438747406,0.20065484941005707,0.6545229554176331,0.8503403067588806,0.8527665138244629,0.5437479615211487,0.790732741355896,0.5965935587882996,0.2853255271911621,0.7208905816078186,0.6517670154571533,0.7845287919044495,0.40428870916366577,0.7989142537117004,0.5634076595306396,0.7850222587585449,0.8922536969184875,0.2892797291278839,0.6479994058609009,0.5665192604064941,0.4691336750984192,0.2185525894165039,0.47725674510002136,0.3243485987186432,0.23067674040794373,0.2157154083251953,0.4326952397823334,0.4523094594478607,0.36475735902786255,0.7489004135131836,0.6941830515861511,0.4805227518081665,0.605116605758667,0.8546892404556274,0.0,0.3264826536178589,0.193162739276886,0.3980039358139038,0.647178053855896,0.6834002733230591,0.7617841362953186,0.45920225977897644,0.4804636240005493,0.07624802738428116,0.6191123723983765,0.5849526524543762,0.7208834290504456,0.8005882501602173,0.0,0.7262232303619385,0.3926178216934204,0.1648169457912445,0.6300540566444397,0.6623249650001526,0.5319496393203735,0.5807045698165894,0.7519629001617432,0.34570086002349854,0.8436209559440613,0.8052873611450195,0.0,0.8815522789955139,0.7601202130317688,0.5485464334487915,0.5587736368179321,0.4877975881099701,0.703204333782196,0.47456803917884827,0.5673698782920837,0.8025643825531006,0.7609508037567139,0.0,0.31335482001304626,0.4779505729675293,0.20420654118061066,0.2722122073173523,0.0,0.02704080566763878
197,0.9266744256019592,0.5631573796272278,0.0,0.6873460412025452,0.24597659707069397,0.6002413630485535,0.8804448246955872,0.0,0.5207082033157349,0.14493493735790253,0.45261240005493164,0.3931589424610138,0.5462959408760071,0.5519899725914001,0.5450860857963562,0.4770294725894928,0.05607231333851814,0.5741986036300659,0.3952924907207489,0.35829904675483704,0.44685348868370056,0.4212542772293091,0.5792243480682373,0.20911718904972076,0.5631211400032043,0.5610343217849731,0.17129209637641907,0.20095938444137573,0.6546418070793152,0.850435733795166,0.8529325723648071,0.5437902212142944,0.7906028628349304,0.5965636968612671,0.2853466272354126,0.7209888100624084,0.651809811592102,0.7844266295433044,0.40416136384010315,0.79867023229599,0.5634694695472717,0.785125732421875,0.8924185037612915,0.28905561566352844,0.6476555466651917,0.5664831399917603,0.46912720799446106,0.21856097877025604,0.4772884249687195,0.32416999340057373,0.23086494207382202,0.21549208462238312,0.4326342046260834,0.45167791843414307,0.3647288680076599,0.7487632632255554,0.6941846609115601,0.4800700545310974,0.6051232814788818,0.8547590970993042,0.0,0.3272002339363098,0.19297902286052704,0.3974572420120239,0.6470388770103455,0.6832852959632874,0.7615431547164917,0.45900845527648926,0.4802984297275543,0.07635218650102615,0.6190584301948547,0.5840979218482971,0.7212345600128174,0.8005825877189636,0.0,0.7263713479042053,0.39285707473754883,0.16472479701042175,0.6294819116592407,0.6615421772003174,0.5318920612335205,0.5801780819892883,0.7519695162773132,0.3455069363117218,0.8438002467155457,0.8055064678192139,0.0,0.881784975528717,0.7603558897972107,0.5485258102416992,0.5584766268730164,0.48754823207855225,0.7036374807357788,0.4742667078971863,0.5670037269592285,0.8028143644332886,0.7608731389045715,0.0,0.313322514295578,0.4760984778404236,0.20382679998874664,0.2722553014755249,0.0,0.027108853682875633
198,0.9266218543052673,0.5630947947502136,0.0,0.6872553825378418,0.24572619795799255,0.600124716758728,0.8804007768630981,0.0,0.5206317901611328,0.14487092196941376,0.4527353346347809,0.39331138134002686,0.5462514758110046,0.5519515872001648,0.5450990796089172,0.4770755469799042,0.05609823390841484,0.5744696855545044,0.39540809392929077,0.3583661913871765,0.44683837890625,0.42109429836273193,0.579282283782959,0.2085106074810028,0.5633635520935059,0.5610445141792297,0.17122188210487366,0.20183905959129333,0.6546683311462402,0.8503506779670715,0.8529932498931885,0.5438910722732544,0.7905504107475281,0.5966225266456604,0.28518688678741455,0.7210879921913147,0.6517742872238159,0.7842857837677002,0.4043169915676117,0.7985910773277283,0.5634702444076538,0.7851310968399048,0.8924368023872375,0.2888704836368561,0.6473589539527893,0.566386878490448,0.46909844875335693,0.21889561414718628,0.47718295454978943,0.32444676756858826,0.23073646426200867,0.21548433601856232,0.4326598048210144,0.45171403884887695,0.3644060790538788,0.7487767934799194,0.6942179203033447,0.47996023297309875,0.6052678227424622,0.8547775149345398,0.0,0.32724645733833313,0.1930239349603653,0.39756476879119873,0.647014319896698,0.6833071708679199,0.7616380453109741,0.4591304659843445,0.4802961051464081,0.07631383836269379,0.6191601157188416,0.5839734673500061,0.7209766507148743,0.8006188273429871,0.0,0.7262544631958008,0.3927079737186432,0.16499227285385132,0.628908634185791,0.6615606546401978,0.5320448279380798,0.5800559520721436,0.7519891858100891,0.34535470604896545,0.8437687754631042,0.8055549263954163,0.0,0.8818963766098022,0.7603389620780945,0.5486434698104858,0.5584691762924194,0.4878056049346924,0.7035468816757202,0.4744201898574829,0.5670739412307739,0.8027941584587097,0.7609434127807617,0.0,0.31294119358062744,0.47711101174354553,0.20373274385929108,0.27240023016929626,0.0,0.02715054526925087
199,0.9265901446342468,0.5631201267242432,0.0,0.687216579914093,0.2456730306148529,0.6001756191253662,0.8804498910903931,0.0,0.5205991268157959,0.14482168853282928,0.45269882678985596,0.39336299896240234,0.5463663339614868,0.5519664883613586,0.5450833439826965,0.4770565927028656,0.05609225109219551,0.5744880437850952,0.39529848098754883,0.35827112197875977,0.44678279757499695,0.4210044741630554,0.5794329047203064,0.20918716490268707,0.563449501991272,0.5610492825508118,0.17119045555591583,0.20192520320415497,0.6546958684921265,0.8503936529159546,0.8530484437942505,0.5438900589942932,0.7904964685440063,0.5966126322746277,0.28510719537734985,0.721045970916748,0.6518681645393372,0.7842729687690735,0.4043806791305542,0.7984562516212463,0.5635401010513306,0.7851391434669495,0.8924688696861267,0.288894385099411,0.6473492383956909,0.5664133429527283,0.4691101312637329,0.2189209908246994,0.47718921303749084,0.3244673013687134,0.23059789836406708,0.21554137766361237,0.43267348408699036,0.45172902941703796,0.3645881712436676,0.7487280368804932,0.6942479610443115,0.48002174496650696,0.605204701423645,0.8548191785812378,0.0,0.3271426260471344,0.1929415762424469,0.3972969949245453,0.6469643115997314,0.6832569241523743,0.761572539806366,0.4591090977191925,0.48017770051956177,0.07625958323478699,0.6191567778587341,0.5837613940238953,0.7209479808807373,0.8006678819656372,0.0,0.7261751890182495,0.3927907943725586,0.16484403610229492,0.6289164423942566,0.6615053415298462,0.5320525169372559,0.5799278020858765,0.7519944310188293,0.3453734219074249,0.8436598777770996,0.8056201338768005,0.0,0.8818548321723938,0.7603151798248291,0.5486226081848145,0.5584166049957275,0.4877623915672302,0.7035617828369141,0.4744469225406647,0.5671500563621521,0.8028157949447632,0.7609727382659912,0.0,0.31299060583114624,0.4767417013645172,0.20369853079319,0.2723906636238098,0.0,0.027149470522999763
200,0.926582932472229,0.5630962252616882,0.0,0.6872057318687439,0.2456875443458557,0.6001865863800049,0.8804661631584167,0.0,0.5206034779548645,0.14480386674404144,0.45271551609039307,0.3933941125869751,0.5463410019874573,0.5519745945930481,0.5450801253318787,0.4769963026046753,0.05607933551073074,0.5744641423225403,0.3953140676021576,0.3583478033542633,0.44676467776298523,0.4210208058357239,0.5793903470039368,0.2088630646467209,0.5634371638298035,0.5610303282737732,0.17120854556560516,0.20193295180797577,0.6546885371208191,0.8503692746162415,0.8530503511428833,0.5438975095748901,0.7905026078224182,0.5966103076934814,0.285053014755249,0.7210403680801392,0.6517811417579651,0.7842626571655273,0.40437355637550354,0.7985008955001831,0.563521146774292,0.7851541042327881,0.8924956917762756,0.28878533840179443,0.6473018527030945,0.5665455460548401,0.4691331386566162,0.21892206370830536,0.47719913721084595,0.32440850138664246,0.2306862622499466,0.2156011164188385,0.4326794147491455,0.4516691267490387,0.3646048903465271,0.7486980557441711,0.6942465901374817,0.4800112843513489,0.6052224636077881,0.8548325896263123,0.0,0.32708632946014404,0.19292613863945007,0.39726895093917847,0.6469547152519226,0.6832500696182251,0.7615700960159302,0.4591263234615326,0.4802117347717285,0.07627253979444504,0.6191734671592712,0.5837165713310242,0.7209279537200928,0.8006611466407776,0.0,0.7262763381004333,0.39283493161201477,0.16485242545604706,0.6288375854492188,0.6615583896636963,0.5320545434951782,0.5798566937446594,0.7520095109939575,0.3453255891799927,0.8436327576637268,0.8056464791297913,0.0,0.8818703889846802,0.7603299617767334,0.5486416220664978,0.5584376454353333,0.48775944113731384,0.7035862803459167,0.4744061827659607,0.5671751499176025,0.8028180599212646,0.7609656453132629,0.0,0.3129807412624359,0.47675997018814087,0.20377902686595917,0.2723664343357086,0.0,0.02714601159095764
